212,13.751637087728955,61.79809226273436,0,2915.3470625985387,1,NORMAL
230,14.051560085661762,31.427946408563574,1,3231.8588197022054,1,NORMAL
220,12.74719746664461,44.110959801501465,1,2804.3834426618146,1,NORMAL
223,5.108376841754945,36.61639066808607,1,1139.1680357113526,1,NORMAL
223,13.236284559058324,44.90638041067063,0,2951.6914566700066,1,NORMAL
213,7.6684845169666636,46.1966313644467,0,1633.3872021138993,1,NORMAL
235,5.088085291141427,70.61363376047284,0,1195.7000434182353,-1,ANOMALY
238,9.832446744309497,58.994443442111375,0,2340.1223251456604,1,NORMAL
238,8.504025165508995,36.892942784238315,0,2023.957989391141,1,NORMAL
234,8.390595482509521,59.95647261865268,1,1963.399342907228,1,NORMAL
240,14.744534501833858,46.40866029811013,0,3538.6882804401257,-1,ANOMALY
222,14.695026732676112,44.79787729523468,1,3262.295934654097,1,NORMAL
226,8.861825202823006,53.93411693672332,0,2002.7724958379993,1,NORMAL
230,12.46822465976706,37.60981287551301,0,2867.6916717464237,1,NORMAL
233,6.70301506724155,65.60573230369528,1,1561.802510667281,1,NORMAL
229,12.09122895050749,36.42380794071891,1,2768.891429666215,1,NORMAL
226,10.916142382501912,30.817474825304785,1,2467.048178445432,1,NORMAL
235,13.13964520445486,45.46480382000615,1,3087.816623046892,1,NORMAL
218,12.930076400995368,30.710373321018366,1,2818.7566554169903,1,NORMAL
230,12.378059659242945,64.7818931510769,1,2846.9537216258773,1,NORMAL
216,11.234361280886425,51.95466633187151,1,2426.622036671468,1,NORMAL
225,10.574145828372806,30.85963236044959,1,2379.1828113838815,1,NORMAL
216,8.527602365890699,48.3117055412685,0,1841.962111032391,1,NORMAL
216,14.054908323103795,33.60513174205899,1,3035.86019779042,1,NORMAL
226,6.266679375241085,35.76752729044895,1,1416.2695388044854,1,NORMAL
215,6.2611339640676515,35.71387196598874,0,1346.1438022745451,1,NORMAL
226,10.54385825118443,57.725874330777486,0,2382.911964767681,1,NORMAL
210,8.390625116973412,66.78619938634755,0,1762.0312745644167,1,NORMAL
228,14.840641275096209,40.73143966126112,0,3383.6662107219354,1,NORMAL
222,9.10555374613137,38.00851503784729,0,2021.4329316411643,1,NORMAL
227,5.537180370045359,62.17879296903479,0,1256.9399440002965,1,NORMAL
230,13.33639702988782,53.67243859744808,0,3067.371316874199,1,NORMAL
238,14.483781438226707,73.22927686493622,0,3447.139982297956,-1,ANOMALY
217,10.619602470316186,55.61489844371381,0,2304.4537360586123,1,NORMAL
239,10.167407824139417,66.4085045646547,0,2430.0104699693206,1,NORMAL
219,7.179903408482556,32.11382742310432,0,1572.3988464576796,1,NORMAL
231,13.564651787389447,41.303745203550484,0,3133.4345628869623,1,NORMAL
238,10.148107196910525,79.52862397436085,0,2415.2495128647047,1,NORMAL
224,6.235893269170722,60.25497911800994,0,1396.8400922942417,1,NORMAL
237,5.870677129143184,46.79536311381857,1,1391.3504796069346,1,NORMAL
218,6.037602875205494,30.562233513623557,1,1316.1974267947978,1,NORMAL
240,8.283669008041029,63.3437863959395,1,1988.080561929847,1,NORMAL
229,10.243542690018977,70.09252177321629,1,2345.771276014346,1,NORMAL
224,5.806170190245758,67.39408806132516,1,1300.5821226150497,1,NORMAL
220,10.647889337839741,60.9068813865284,0,2342.535654324743,1,NORMAL
236,9.58545040031451,30.797635719753426,1,2262.1662944742243,1,NORMAL
233,10.703238406967655,59.48459948389215,1,2493.8545488234636,1,NORMAL
215,10.625019767310821,52.45768399096156,1,2284.3792499718265,1,NORMAL
231,11.66881228255961,54.63013097456156,1,2695.49563727127,1,NORMAL
216,5.99251636482296,63.36097318806942,0,1294.3835348017592,1,NORMAL
226,13.423672189266998,76.83804498276866,0,3033.7499147743415,1,NORMAL
218,6.779739166432295,56.17356743979268,0,1477.9831382822404,1,NORMAL
227,8.023980675553933,32.92256872405418,0,1821.4436133507427,1,NORMAL
211,10.923442097151831,62.5177855786623,1,2304.8462824990365,1,NORMAL
229,13.50230407963636,71.69986738409541,1,3092.0276342367265,1,NORMAL
239,11.613895850101557,60.35407845649908,0,2775.721108174272,1,NORMAL
227,5.733570748410118,55.13275024983763,0,1301.5205598890968,1,NORMAL
213,6.429110292002942,62.01713396520252,1,1369.4004921966268,1,NORMAL
212,14.788167449602264,53.99340338949554,1,3135.0914993156803,1,NORMAL
231,5.056843714620771,72.89390296374921,0,1168.1308980773981,-1,ANOMALY
236,14.025467312611017,51.1596025111363,0,3310.0102857762,1,NORMAL
216,10.926126355733167,62.566968946838784,1,2360.0432928383643,1,NORMAL
212,14.22824731222027,60.744489927354806,1,3016.3884301906974,1,NORMAL
222,5.796091520821188,50.539067846692795,1,1286.7323176223038,1,NORMAL
225,12.53617654823221,50.84618230561475,0,2820.639723352247,1,NORMAL
227,14.945522281433725,61.05741725096338,0,3392.6335578854555,1,NORMAL
213,8.507433052605824,77.56650334597369,0,1812.0832402050405,1,NORMAL
229,10.216976566141382,31.996865784954526,1,2339.6876336463765,1,NORMAL
219,10.73033827762758,33.31503265309412,1,2349.94408280044,1,NORMAL
228,14.500100015644682,71.07809370875668,1,3306.0228035669875,1,NORMAL
213,11.599588444559606,53.42163599795531,0,2470.7123386911962,1,NORMAL
210,10.521427338606248,55.200138878901456,0,2209.4997411073123,1,NORMAL
228,6.045568168769097,67.80787595220434,1,1378.389542479354,1,NORMAL
211,13.858159417390713,64.78725636411284,0,2924.0716370694404,1,NORMAL
222,5.653755963578274,72.21368435571941,1,1255.133823914377,1,NORMAL
224,10.593656973233898,59.323071642884706,0,2372.9791620043934,1,NORMAL
217,11.461707825780142,36.00913662115203,0,2487.190598194291,1,NORMAL
215,11.333171223971991,40.5141058945497,0,2436.6318131539783,1,NORMAL
226,9.575439128887115,68.12231211164853,0,2164.049243128488,1,NORMAL
225,5.0568115445825645,69.42083347680185,0,1137.782597531077,1,NORMAL
231,9.913757146511676,39.20921178463824,1,2290.0779008441973,1,NORMAL
237,9.543182372381455,64.21063836297307,1,2261.734222254405,1,NORMAL
229,7.770949343776326,75.77140723856664,1,1779.5473997247786,1,NORMAL
224,7.457090755531398,60.328653449122726,0,1670.3883292390333,1,NORMAL
234,14.002668364067617,76.32790323291104,1,3276.6243971918225,1,NORMAL
224,5.168542355375267,66.5905222233372,1,1157.75348760406,1,NORMAL
212,7.557381869039508,62.82394535168256,0,1602.1649562363757,1,NORMAL
211,7.6593251137789755,36.13822231837035,1,1616.1175990073639,1,NORMAL
210,13.040024123899205,57.666021540471945,1,2738.405066018833,1,NORMAL
238,12.381789368659806,76.22150483026525,1,2946.8658697410337,1,NORMAL
231,8.128216685021458,55.62488342901541,1,1877.6180542399568,1,NORMAL
217,9.623907517289226,76.78013896261174,0,2088.387931251762,1,NORMAL
240,6.166569717671652,57.859986134523325,1,1479.9767322411965,1,NORMAL
225,14.749889085433864,61.1297643716721,0,3318.7250442226195,1,NORMAL
236,6.54594456977973,54.197272305895794,0,1544.8429184680163,1,NORMAL
223,11.086282910163657,65.39069750557785,1,2472.2410889664957,1,NORMAL
212,12.002488142762436,43.237067943937625,1,2544.5274862656365,1,NORMAL
233,13.204901882496571,52.056353975202086,0,3076.742138621701,1,NORMAL
218,6.1089119003504635,69.93385048348699,1,1331.7427942764011,1,NORMAL
240,14.373644165033793,73.30172919493486,0,3449.6745996081104,-1,ANOMALY
220,13.907932082522393,47.92987396335657,1,3059.7450581549265,1,NORMAL
230,12.99028350519703,31.402270832787433,0,2987.765206195317,1,NORMAL
235,7.706503547655527,73.09682320115579,1,1811.0283336990487,1,NORMAL
226,6.161165348539908,72.37179427312358,1,1392.4233687700191,1,NORMAL
227,8.29501942098635,38.24493858504158,0,1882.9694085639014,1,NORMAL
238,12.474741460047893,77.73740474256677,1,2968.9884674913988,1,NORMAL
226,7.155444053359301,63.964895321140354,0,1617.130356059202,1,NORMAL
219,13.523834165066228,78.28081186910364,0,2961.719682149504,1,NORMAL
233,9.366293469839377,46.439719042609845,0,2182.346378472575,1,NORMAL
211,12.344341075512524,42.534044636682275,1,2604.6559669331427,1,NORMAL
231,5.4740325054246455,65.86029639066828,1,1264.501508753093,1,NORMAL
210,13.117116622362996,66.02743244081778,0,2754.594490696229,1,NORMAL
220,6.002378995635712,43.73216456537306,1,1320.5233790398565,1,NORMAL
222,13.500066308645277,68.99426572727896,0,2997.0147205192516,1,NORMAL
237,14.45541692625939,75.9914942183846,0,3425.9338115234755,-1,ANOMALY
221,7.264078479174788,37.856395582453544,0,1605.3613438976283,1,NORMAL
230,12.686365960295868,59.37316648520201,1,2917.8641708680498,1,NORMAL
230,6.823375047846616,52.51678728561535,0,1569.3762610047218,1,NORMAL
224,11.701988451167422,60.19379482975313,1,2621.2454130615024,1,NORMAL
219,6.080240310461544,56.38447260718145,1,1331.5726279910782,1,NORMAL
219,13.288617415989581,72.72825117597887,0,2910.2072141017184,1,NORMAL
240,11.551775525270024,37.040267057041454,1,2772.426126064806,1,NORMAL
233,9.707164017306267,32.94418786602154,0,2261.7692160323604,1,NORMAL
238,12.951796621484855,48.2041598354605,0,3082.5275959133955,1,NORMAL
221,9.933456440682283,78.203302878387,1,2195.2938733907845,1,NORMAL
212,8.592237732728805,37.45203018000174,0,1821.5543993385065,1,NORMAL
212,11.82387445733776,48.25105888851692,0,2506.661384955605,1,NORMAL
235,6.430927881906604,71.17330490621151,0,1511.268052248052,1,NORMAL
211,5.0878906789640705,35.80664579056132,1,1073.544933261419,-1,ANOMALY
240,10.008560076512277,35.78230725229654,0,2402.0544183629463,1,NORMAL
219,11.931821170905582,49.28616329328885,1,2613.0688364283224,1,NORMAL
240,13.333522369070845,76.40394918370691,1,3200.045368577003,1,NORMAL
231,12.180810021735596,66.47270313015213,0,2813.7671150209226,1,NORMAL
217,6.058375193614932,36.35152607958908,1,1314.6674170144402,1,NORMAL
224,9.053872541934807,49.252809681690366,0,2028.0674493933966,1,NORMAL
230,5.6865965069304085,35.40655375767581,1,1307.917196593994,1,NORMAL
223,7.7428382614814915,58.32297809457515,1,1726.6529323103725,1,NORMAL
234,5.694931639646063,55.37609025060793,1,1332.6140036771787,1,NORMAL
217,8.367188190403798,32.65175990171935,0,1815.679837317624,1,NORMAL
218,8.353800742715986,43.51048580864006,1,1821.128561912085,1,NORMAL
225,10.045350418313951,34.73658721139502,1,2260.203844120639,1,NORMAL
230,5.2670258216699075,44.596941138876176,0,1211.4159389840788,1,NORMAL
211,6.681789252513587,58.35346634250405,0,1409.857532280367,1,NORMAL
240,11.307559622042728,55.19347600219748,0,2713.8143092902546,1,NORMAL
227,8.925372793142081,55.665777560944335,0,2026.0596240432524,1,NORMAL
212,11.95658028240064,32.77078322489477,1,2534.795019868936,1,NORMAL
215,7.756814224220423,51.12456794060304,1,1667.715058207391,1,NORMAL
233,9.501304488219375,76.56071458317109,0,2213.8039457551145,1,NORMAL
217,10.78749959490662,36.350304297686975,1,2340.8874120947366,1,NORMAL
223,14.240315838547588,58.86433536441635,0,3175.590431996112,1,NORMAL
216,12.182633387038848,35.93862754516047,0,2631.4488116003913,1,NORMAL
218,7.717395079504259,71.30671586737677,0,1682.3921273319284,1,NORMAL
235,12.347398444674678,75.97743156097359,1,2901.6386344985494,1,NORMAL
224,11.96391379782834,70.26168156249848,1,2679.916690713548,1,NORMAL
228,10.319055015989495,68.14016000150397,0,2352.7445436456046,1,NORMAL
234,12.182313528237152,48.245356236924096,0,2850.6613656074937,1,NORMAL
218,14.630441569665626,70.67990874894114,1,3189.4362621871064,1,NORMAL
211,12.413322067174391,64.27471217888663,0,2619.2109561737966,1,NORMAL
211,11.7498515612001,77.49147751384527,0,2479.218679413221,1,NORMAL
236,12.148266097190128,79.69236629740465,0,2866.9907989368703,1,NORMAL
239,12.526893600510604,77.64094182085302,0,2993.9275705220343,1,NORMAL
226,12.158431768641739,56.81950549386161,0,2747.805579713033,1,NORMAL
216,9.492274011457734,38.95507833397443,1,2050.3311864748707,1,NORMAL
223,8.766685376562325,57.57788827140823,0,1954.9708389733985,1,NORMAL
221,8.916086141025836,47.39263537171204,1,1970.4550371667099,1,NORMAL
214,13.903642099068062,56.81616182453069,0,2975.379409200565,1,NORMAL
225,10.601588248864852,77.68464252408435,0,2385.3573559945917,1,NORMAL
238,11.952730612733525,59.38686731401873,1,2844.749885830579,1,NORMAL
227,7.60477599682916,78.38439628114143,0,1726.2841512802192,1,NORMAL
240,9.574866704391674,68.48509662469351,1,2297.968009054002,1,NORMAL
219,5.650614660382867,53.66123188178041,1,1237.4846106238479,1,NORMAL
217,10.967108452333598,73.2582246550567,0,2379.8625341563907,1,NORMAL
211,9.748839900803091,58.9906796114501,0,2057.0052190694523,1,NORMAL
232,11.486462958325784,43.42617975561258,1,2664.859406331582,1,NORMAL
218,14.797516943404997,44.76387370989205,1,3225.858693662289,1,NORMAL
230,14.371549139124511,78.39164689305947,1,3305.4563019986376,1,NORMAL
233,7.509953455017673,54.33965122359446,0,1749.8191550191177,1,NORMAL
220,7.888443218888702,75.88359462496652,0,1735.4575081555145,1,NORMAL
217,6.012102766486147,76.70985273389105,0,1304.626300327494,1,NORMAL
214,5.390976288254148,59.799431542138706,0,1153.6689256863876,1,NORMAL
234,11.620428690211261,40.49067327584339,0,2719.180313509435,1,NORMAL
217,14.880932625789262,70.06661650287553,0,3229.1623797962698,1,NORMAL
229,5.120415428584856,67.7606464056481,1,1172.575133145932,1,NORMAL
233,11.795496106249097,64.17693502596236,1,2748.3505927560395,1,NORMAL
235,9.664670192014766,69.10084527758201,1,2271.19749512347,1,NORMAL
220,11.884147297566251,77.70352121310638,0,2614.5124054645753,1,NORMAL
224,12.077518564974797,33.700695817404096,1,2705.3641585543546,1,NORMAL
235,9.497638235052035,49.1275458092974,1,2231.944985237228,1,NORMAL
231,7.00527786026917,51.89850756928226,0,1618.2191857221783,1,NORMAL
238,7.5961844013616755,57.80096783420343,0,1807.8918875240788,1,NORMAL
237,8.816126777261545,32.73108248747618,0,2089.422046210986,1,NORMAL
210,10.769706279419498,61.514165952039505,1,2261.6383186780945,1,NORMAL
232,10.071362994013969,57.57215605407154,1,2336.5562146112406,1,NORMAL
220,12.261762967279198,31.173454860511185,0,2697.5878528014237,1,NORMAL
240,12.70247955137326,46.961204190048164,1,3048.5950923295823,1,NORMAL
211,10.293993566078715,61.44491669450602,1,2172.032642442609,1,NORMAL
236,14.95470499160303,58.34535943069133,0,3529.310378018315,1,NORMAL
226,7.08052934551085,65.47992642975984,1,1600.199632085452,1,NORMAL
233,12.149345552284485,46.678548780175916,0,2830.797513682285,1,NORMAL
235,7.129585138666519,46.20595158752672,1,1675.452507586632,1,NORMAL
211,8.691492624741581,39.47007795879637,0,1833.9049438204736,1,NORMAL
236,9.751321024841971,59.564074007277185,0,2301.311761862705,1,NORMAL
233,13.61627313905286,44.01305438529101,0,3172.5916413993164,1,NORMAL
235,5.551516500208357,69.20389887702518,1,1304.6063775489638,1,NORMAL
222,13.163639653450023,48.93408055850221,1,2922.3280030659052,1,NORMAL
218,8.607167358077334,78.16111844091904,0,1876.3624840608586,1,NORMAL
235,8.945151594875107,60.451418721881,1,2102.11062479565,1,NORMAL
230,11.590950784199592,39.92528847243485,0,2665.9186803659063,1,NORMAL
235,5.462982094480374,30.417213019589457,1,1283.8007922028878,-1,ANOMALY
232,9.58577468803309,74.32465613748427,1,2223.899727623677,1,NORMAL
226,11.78065788785604,47.03479045141623,1,2662.4286826554653,1,NORMAL
214,11.793295855982986,46.81860923244548,1,2523.765313180359,1,NORMAL
227,8.974956071603339,72.479703982972,1,2037.315028253958,1,NORMAL
232,14.920203559633546,43.63492826365048,1,3461.4872258349824,-1,ANOMALY
231,6.615643257859569,57.8561829068579,1,1528.2135925655605,1,NORMAL
210,6.730391655449268,45.663899412071416,0,1413.3822476443463,1,NORMAL
227,8.855433237837493,33.284498881843405,0,2010.183344989111,1,NORMAL
230,8.126952436750107,46.941702482303405,0,1869.1990604525247,1,NORMAL
224,7.264672733897552,56.96935679824858,0,1627.2866923930515,1,NORMAL
239,12.467858992166622,40.17787848313104,1,2979.8182991278227,1,NORMAL
226,6.747787013841222,78.70554893604987,0,1524.9998651281162,1,NORMAL
227,10.664250992157392,59.91635863258868,0,2420.784975219728,1,NORMAL
213,5.319707866282468,41.29286929688348,1,1133.0977755181657,1,NORMAL
237,7.198651782314024,37.121532584381825,1,1706.0804724084237,1,NORMAL
213,14.230192592057193,43.40975249521831,0,3031.0310221081822,1,NORMAL
226,12.754669547472972,42.436424800991986,1,2882.5553177288916,1,NORMAL
240,9.051774902520938,46.03113829140915,0,2172.425976605025,1,NORMAL
237,10.461999110394228,61.34426301418564,0,2479.4937891634318,1,NORMAL
219,7.996822052214966,62.64996707151719,1,1751.3040294350774,1,NORMAL
211,11.811848734231724,51.66533492166796,1,2492.3000829228936,1,NORMAL
235,13.440041654859009,51.03483142292069,1,3158.4097888918673,1,NORMAL
240,7.959280616698818,32.35896321819034,0,1910.2273480077163,-1,ANOMALY
240,6.839426326396519,74.08318068609962,1,1641.4623183351646,-1,ANOMALY
212,7.6932327199550175,66.46897075552516,0,1630.9653366304638,1,NORMAL
230,6.091042883834238,40.57127791116653,0,1400.9398632818748,1,NORMAL
228,11.479358768419875,42.81048854990772,1,2617.2937991997314,1,NORMAL
215,5.0859799955008445,62.34735333429195,0,1093.4856990326816,-1,ANOMALY
233,8.053167013362115,62.950925464753325,1,1876.3879141133727,1,NORMAL
216,6.138423622719907,67.65936936860695,1,1325.8995025074998,1,NORMAL
216,7.5769922950772814,49.01407094792245,1,1636.6303357366928,1,NORMAL
224,12.472425745443767,58.73601175034963,0,2793.8233669794035,1,NORMAL
226,14.738293875416016,58.33579928356659,1,3330.8544158440195,1,NORMAL
221,8.847617315368463,65.91698100083435,0,1955.3234266964305,1,NORMAL
216,14.229368608643558,70.62002804495106,1,3073.5436194670083,1,NORMAL
231,5.682566948672977,40.425954718657195,1,1312.6729651434578,1,NORMAL
213,9.778941334899821,66.52157272070298,0,2082.914504333662,1,NORMAL
235,11.00354066987225,74.10350861759763,0,2585.832057419979,1,NORMAL
212,11.74291027695829,64.0593645381243,1,2489.496978715157,1,NORMAL
226,11.49090349901132,39.484132033491846,0,2596.9441907765586,1,NORMAL
228,8.105863942995912,42.72714915387279,1,1848.1369790030678,1,NORMAL
229,7.485016604208905,72.20209541186492,0,1714.0688023638393,1,NORMAL
231,10.848034092434546,53.66917619671794,1,2505.8958753523802,1,NORMAL
224,12.091739088933405,51.577925260191954,0,2708.5495559210826,1,NORMAL
210,6.00321144140287,41.6595527741606,0,1260.6744026946028,1,NORMAL
214,9.583858800703329,40.68774252259013,0,2050.9457833505126,1,NORMAL
231,5.651479593139771,61.34917749187669,1,1305.491786015287,1,NORMAL
233,14.223846672038391,31.857706776271566,0,3314.156274584945,1,NORMAL
239,8.926294996666252,69.50717810033456,0,2133.3845042032344,1,NORMAL
228,14.769343364376482,68.76276314889073,1,3367.410287077838,1,NORMAL
222,12.432179457852104,62.69094763782862,1,2759.943839643167,1,NORMAL
231,14.690866028961153,32.95536740648261,0,3393.5900526900264,-1,ANOMALY
210,14.70378301197395,59.496098881828985,1,3087.7944325145295,-1,ANOMALY
220,5.137165369386914,34.16951517854077,0,1130.176381265121,1,NORMAL
216,6.161858002935335,79.91346361125125,1,1330.9613286340325,1,NORMAL
226,5.383777876141891,31.39752077257705,0,1216.7338000080674,1,NORMAL
220,6.735594936794343,57.268024451092074,0,1481.8308860947554,1,NORMAL
226,13.916875753796212,49.24681809889931,0,3145.213920357944,1,NORMAL
234,14.897682508830524,40.730043017980094,0,3486.0577070663426,-1,ANOMALY
233,6.738081803461457,63.11744821033366,1,1569.9730602065194,1,NORMAL
225,12.504266312025365,64.4556882973884,1,2813.459920205707,1,NORMAL
219,7.488769007979935,44.29423441401976,0,1640.0404127476058,1,NORMAL
229,10.929641883514822,62.81128072653552,0,2502.8879913248943,1,NORMAL
215,7.427336052018286,33.320805729673346,1,1596.8772511839315,1,NORMAL
225,5.440141426336088,78.76624029923909,0,1224.0318209256197,1,NORMAL
215,9.173926545731453,70.64659227388515,0,1972.3942073322623,1,NORMAL
227,9.032319956857076,52.28141616379071,1,2050.3366302065565,1,NORMAL
239,5.3339298766382095,71.81348675837816,1,1274.809240516532,-1,ANOMALY
211,10.657845508998316,45.84593735724377,0,2248.8054023986447,1,NORMAL
210,5.991986326322692,67.14517066654085,0,1258.3171285277654,1,NORMAL
230,14.941593871934607,38.16945346307812,1,3436.5665905449596,-1,ANOMALY
220,6.386884497383685,30.046588634836493,0,1405.1145894244107,1,NORMAL
222,14.515739455398254,73.32467192993505,0,3222.4941590984126,1,NORMAL
224,14.249920315518974,53.21194552051821,1,3191.98215067625,1,NORMAL
225,5.521365366244812,47.957770607655775,0,1242.3072074050826,1,NORMAL
231,14.280273155738097,33.167260411520495,0,3298.7430989755003,1,NORMAL
213,12.902368827427285,77.07053434088908,0,2748.2045602420117,1,NORMAL
216,9.450066480235957,49.1734487489434,0,2041.2143597309669,1,NORMAL
213,10.995369390259134,58.89224473101602,1,2342.0136801251956,1,NORMAL
211,10.445738608480585,35.29544573426,0,2204.0508463894034,1,NORMAL
230,13.750310333313081,67.73969130238817,0,3162.571376662009,1,NORMAL
217,10.017787732184871,51.856325336448855,0,2173.8599378841172,1,NORMAL
224,8.464464338296303,57.658332940574056,0,1896.0400117783718,1,NORMAL
239,6.957728026481872,71.9488016051977,0,1662.8969983291674,1,NORMAL
224,8.526958331022044,53.68344232350657,1,1910.0386661489379,1,NORMAL
230,11.72947268605309,34.27866838722291,1,2697.7787177922105,1,NORMAL
239,14.985584053870452,33.94773470941418,0,3581.554588875038,-1,ANOMALY
225,14.833040303114664,78.63777044528337,0,3337.4340682007996,-1,ANOMALY
217,8.779758315293513,49.11352924442161,1,1905.2075544186923,1,NORMAL
228,14.996401989461175,48.486134382207055,0,3419.179653597148,1,NORMAL
236,14.679215675895117,71.26394207984131,0,3464.2948995112474,-1,ANOMALY
234,12.003610134738148,50.42975836837843,0,2808.8447715287266,1,NORMAL
234,5.4343820149880795,31.614012816654604,0,1271.6453915072107,-1,ANOMALY
229,12.753107445458138,77.16039915267376,1,2920.4616050099135,1,NORMAL
214,14.752718910342493,61.076565908579155,1,3157.0818468132934,1,NORMAL
228,8.61167703513519,52.38378489909965,1,1963.4623640108232,1,NORMAL
213,10.61108154918639,40.22138688887226,1,2260.160369976701,1,NORMAL
214,5.65575016314825,70.93873599292121,0,1210.3305349137254,1,NORMAL
222,6.381161395403234,42.16755865913665,1,1416.617829779518,1,NORMAL
230,12.634807630872466,40.860242140436924,1,2906.005755100667,1,NORMAL
229,14.31796517333471,30.711871813083363,0,3278.814024693648,1,NORMAL
226,7.891539861177633,46.67625186077898,0,1783.488008626145,1,NORMAL
236,7.3240148287719915,60.09433722261766,0,1728.46749959019,1,NORMAL
216,11.426568715217856,67.22970072445585,0,2468.138842487057,1,NORMAL
223,13.666727368542102,45.73031302272746,0,3047.680203184889,1,NORMAL
222,7.005950802093167,71.07067796451325,0,1555.3210780646832,1,NORMAL
213,8.876930198919919,66.46644436820178,0,1890.7861323699426,1,NORMAL
231,7.271370131991825,74.33922437203904,0,1679.6865004901115,1,NORMAL
234,10.486749602088285,34.56387961375043,1,2453.8994068886586,1,NORMAL
218,10.737700316026384,48.71561515710849,0,2340.8186688937517,1,NORMAL
239,9.438604561084276,73.10488574198381,0,2255.8264900991417,1,NORMAL
234,5.46692583579071,65.71055571413129,1,1279.2606455750263,1,NORMAL
220,12.217903065369509,59.44455360464662,1,2687.938674381292,1,NORMAL
237,13.31960491751049,68.63760647382287,0,3156.746365449986,1,NORMAL
229,5.629770085508338,52.55639094714782,0,1289.2173495814093,1,NORMAL
231,11.856187103331596,64.93470426967939,1,2738.7792208695987,1,NORMAL
229,7.609947960813095,77.97404044591062,1,1742.6780830261987,1,NORMAL
225,14.608731300634412,67.68692973602236,0,3286.964542642743,1,NORMAL
224,6.218111922787484,55.87449055179525,0,1392.8570707043964,1,NORMAL
238,9.770970722690663,56.83086783256591,1,2325.491032000378,1,NORMAL
225,6.299997788061765,32.55901606833298,0,1417.499502313897,1,NORMAL
240,10.987499338888416,37.561255566028116,1,2636.9998413332196,1,NORMAL
231,9.76895072164958,35.09352343763277,1,2256.627616701053,1,NORMAL
213,6.069950784050949,75.09360064400478,0,1292.8995170028522,1,NORMAL
235,12.696805850358473,46.74203836072597,1,2983.7493748342413,1,NORMAL
215,14.322662337549515,54.44499553431273,0,3079.372402573146,1,NORMAL
231,5.118206923833021,67.10318436922078,0,1182.3057994054277,1,NORMAL
235,10.870527694738549,63.45381023390444,1,2554.574008263559,1,NORMAL
213,11.978349361761751,42.409231271703035,0,2551.3884140552527,1,NORMAL
234,11.40747521342096,57.48394956681601,0,2669.3491999405046,1,NORMAL
239,11.940828329295503,77.12735305768615,0,2853.857970701625,1,NORMAL
215,13.226047361349776,37.10813653095676,0,2843.600182690202,1,NORMAL
213,13.358105060219712,49.247976184157196,1,2845.2763778267986,1,NORMAL
214,7.002783014387784,79.80420014820359,0,1498.5955650789858,1,NORMAL
237,12.584686141033394,49.20869877267155,1,2982.5706154249146,1,NORMAL
221,6.4751354716112495,78.69759616977176,1,1431.0049392260862,1,NORMAL
218,11.479600626909933,52.5621150654836,1,2502.5529366663654,1,NORMAL
227,6.978851644077819,40.87621278463365,1,1584.199323205665,1,NORMAL
210,8.119169135741458,54.90039065165044,1,1705.0255185057063,1,NORMAL
222,13.300712520889167,32.888329459977626,1,2952.758179637395,1,NORMAL
219,7.672256518468188,37.149515237295425,1,1680.2241775445332,1,NORMAL
224,6.063910943263378,72.58738032969234,0,1358.3160512909967,1,NORMAL
240,6.920155414077041,76.8475249419802,1,1660.83729937849,-1,ANOMALY
240,13.309815616698973,32.15511757917511,1,3194.3557480077534,-1,ANOMALY
214,10.120998576773832,72.61117046132223,0,2165.8936954296,1,NORMAL
221,14.125181452543767,58.851298261450054,0,3121.6651010121727,1,NORMAL
223,13.85595623051789,62.82759337394131,1,3089.8782394054897,1,NORMAL
218,9.944147091132827,76.36183858934606,0,2167.824065866956,1,NORMAL
224,7.126682705066809,76.58275849998967,0,1596.3769259349651,1,NORMAL
224,11.54949569334751,60.23024444334393,0,2587.087035309842,1,NORMAL
225,14.523783497835653,73.3169463735471,1,3267.851287013022,1,NORMAL
225,11.879647245049082,42.11935155188796,1,2672.920630136043,1,NORMAL
232,6.158405357691397,35.278004756124524,1,1428.750042984404,1,NORMAL
235,5.951418598521858,33.06274516857849,1,1398.5833706526366,1,NORMAL
235,12.252863374318439,67.03616620178809,0,2879.422892964833,1,NORMAL
232,9.508756130929976,73.37766322919535,1,2206.0314223757546,1,NORMAL
226,7.612897733552428,31.580374910567656,1,1720.5148877828487,1,NORMAL
231,5.977762242411754,79.55553674861875,0,1380.8630779971152,1,NORMAL
221,7.7581554780993365,39.64299935748471,0,1714.5523606599534,1,NORMAL
235,6.37253994500279,37.88601349169304,0,1497.5468870756558,1,NORMAL
237,12.359436711896997,79.97371173897754,1,2929.1865007195884,1,NORMAL
222,11.649860698655214,48.70712437859939,0,2586.2690751014575,1,NORMAL
213,8.467102684851184,70.45827839515701,1,1803.4928718733022,1,NORMAL
214,13.075541784243278,70.3911011967785,1,2798.1659418280615,1,NORMAL
219,14.246614110765275,61.92151185345608,1,3120.0084902575954,1,NORMAL
215,11.82667128800637,58.032414044501515,1,2542.7343269213698,1,NORMAL
216,14.96813532655186,76.86573056050119,0,3233.1172305352015,-1,ANOMALY
230,6.214581889313586,76.36172016222599,0,1429.3538345421248,1,NORMAL
219,10.159576976885852,61.725774969890196,1,2224.9473579380015,1,NORMAL
227,10.7417946376389,30.15944285627432,0,2438.38738274403,1,NORMAL
233,5.483950166423038,63.773508079745156,0,1277.7603887765679,1,NORMAL
212,13.835263536574377,61.1954734226189,1,2933.075869753768,1,NORMAL
224,12.82041649218474,57.65875632148993,1,2871.773294249382,1,NORMAL
227,13.395663387982117,64.56808669332253,0,3040.8155890719404,1,NORMAL
239,11.917558788141985,78.65545757830759,0,2848.2965503659343,1,NORMAL
225,11.227961559984312,57.77099433471531,1,2526.29135099647,1,NORMAL
233,11.847414552546761,57.31732671794929,1,2760.4475907433953,1,NORMAL
234,8.3777007401102,69.06508248941293,0,1960.3819731857868,1,NORMAL
233,13.210552537757891,39.9549683961689,1,3078.0587412975888,1,NORMAL
240,13.370944211354647,64.79508583876124,0,3209.0266107251155,1,NORMAL
233,8.547052360277043,46.587799236192936,1,1991.463199944551,1,NORMAL
222,9.91373313606219,68.69676116321213,0,2200.8487562058062,1,NORMAL
233,10.520663036149653,50.43084517112452,1,2451.314487422869,1,NORMAL
214,6.455279226293178,67.59749748132921,0,1381.4297544267401,1,NORMAL
217,12.834096700159812,47.05756458563543,0,2784.998983934679,1,NORMAL
229,9.778970610628877,70.94189981572804,1,2239.3842698340127,1,NORMAL
220,10.069764247269584,49.233132058774444,1,2215.3481343993085,1,NORMAL
233,12.152404926303003,72.23163682282839,1,2831.5103478285996,1,NORMAL
228,6.01007566445631,58.67207949786208,1,1370.2972514960386,1,NORMAL
225,11.501355372230119,65.0225784989218,1,2587.8049587517767,1,NORMAL
226,8.13011093059498,68.23346762200592,0,1837.4050703144658,1,NORMAL
234,11.56870293851927,67.86933913198817,0,2707.076487613509,1,NORMAL
222,5.362906903489413,32.54919393546499,1,1190.5653325746496,1,NORMAL
217,12.72071831274865,68.41467052494914,1,2760.395873866457,1,NORMAL
228,7.016334847573315,57.335848197447774,1,1599.7243452467158,1,NORMAL
239,7.797587595584766,58.71398719326058,0,1863.6234353447592,1,NORMAL
212,8.483171964310984,35.39037303131282,1,1798.4324564339286,1,NORMAL
227,5.576131495584528,36.422088523571254,0,1265.781849497688,1,NORMAL
214,10.20162767876899,40.51156123046111,1,2183.148323256564,1,NORMAL
211,11.722561903352869,67.58369263410846,0,2473.4605616074555,1,NORMAL
222,6.632087983145047,56.83036440716464,1,1472.3235322582004,1,NORMAL
239,14.192412911867331,39.44012947810966,0,3391.986685936292,-1,ANOMALY
231,9.998053619244512,69.42909519736816,0,2309.5503860454824,1,NORMAL
224,6.152962928157974,72.04093000704263,0,1378.2636959073861,1,NORMAL
211,13.876422184554546,37.80680073496025,1,2927.925080941009,1,NORMAL
223,13.50789987858121,66.41959040173649,0,3012.2616729236097,1,NORMAL
219,7.326983186354054,57.3999619804601,1,1604.609317811538,1,NORMAL
224,6.332246387741649,66.50813858741495,0,1418.4231908541294,1,NORMAL
217,11.06987892661197,70.82073544167802,1,2402.1637270747974,1,NORMAL
226,11.25951062735567,54.787468916695886,0,2544.6494017823816,1,NORMAL
215,9.730890231183034,47.11526607849228,0,2092.1413997043524,1,NORMAL
210,8.869205347708494,60.82611294678119,0,1862.5331230187837,1,NORMAL
226,6.8093998158859215,63.618193384438754,0,1538.9243583902182,1,NORMAL
212,6.488343382994717,76.83140635862705,0,1375.52879719488,1,NORMAL
227,8.355860537437433,58.572661531288105,0,1896.7803419982972,1,NORMAL
223,12.987193881746053,73.13941243551673,1,2896.14423562937,1,NORMAL
214,7.249011219593678,35.24676087106164,0,1551.288400993047,1,NORMAL
217,5.659095378380625,77.46075435204932,0,1228.0236971085956,1,NORMAL
228,12.298835286355942,40.92385584769001,0,2804.134445289155,1,NORMAL
217,7.500247069344127,48.8023455658912,0,1627.5536140476754,1,NORMAL
219,8.885071887291517,34.79030452506862,0,1945.8307433168422,1,NORMAL
237,12.491921287511307,55.033213055787414,0,2960.58534514018,1,NORMAL
221,8.886817378016268,58.78986403942031,0,1963.986640541595,1,NORMAL
236,13.973070367122688,74.00586894658512,1,3297.6446066409544,1,NORMAL
222,9.78324455017734,66.367041858918,1,2171.8802901393697,1,NORMAL
219,9.155113092840116,60.067068140960814,1,2004.9697673319854,1,NORMAL
240,7.059286188953136,71.15168318116145,1,1694.2286853487526,1,NORMAL
216,12.602736280082091,34.538372726379635,1,2722.1910364977316,1,NORMAL
215,7.7633057464555595,37.054664222284075,0,1669.1107354879452,1,NORMAL
226,7.129512220433395,55.37730165727776,0,1611.2697618179473,1,NORMAL
227,8.947357462027039,36.56959491972167,1,2031.050143880138,1,NORMAL
232,11.016886414085985,45.142452194500265,1,2555.9176480679484,1,NORMAL
216,11.440714061110553,62.9591936686983,0,2471.1942371998794,1,NORMAL
222,6.40983617079276,71.11192725084715,0,1422.9836299159927,1,NORMAL
234,14.691976955391567,53.87221777073674,0,3437.9226075616266,1,NORMAL
233,7.009845733853551,33.34733865243735,0,1633.2940559878773,1,NORMAL
227,13.138351595731146,67.57922179280445,0,2982.4058122309702,1,NORMAL
211,8.435255835050034,72.95776836333259,0,1779.8389811955572,1,NORMAL
234,14.74332585862187,47.295230344487834,1,3449.9382509175175,1,NORMAL
233,9.722720859759072,66.51962720662547,0,2265.3939603238637,1,NORMAL
223,12.141294469703643,30.698576509825283,0,2707.5086667439123,1,NORMAL
234,6.872663795378302,53.95231391644152,0,1608.2033281185227,1,NORMAL
214,10.375325480517134,65.43061847368773,0,2220.3196528306667,1,NORMAL
240,12.062647155691613,59.945261391290884,1,2895.035317365987,1,NORMAL
229,7.696641197397241,50.735555323685816,1,1762.5308342039682,1,NORMAL
226,14.695061361156089,69.7461275294356,1,3321.083867621276,1,NORMAL
238,14.823521554532853,48.61282991790556,0,3527.998129978819,-1,ANOMALY
224,12.666334817145936,48.49008123539686,1,2837.2589990406896,1,NORMAL
223,12.972011742036123,37.003397689024744,0,2892.7586184740553,1,NORMAL
212,6.436516987892121,39.96499476222204,0,1364.5416014331297,1,NORMAL
238,8.817565959998905,64.5716179902653,0,2098.5806984797396,1,NORMAL
216,5.6232503855065366,75.16050697955528,1,1214.6220832694119,1,NORMAL
216,9.067562403853007,67.6183160960044,0,1958.5934792322494,1,NORMAL
220,10.130911292337725,77.0141575774237,0,2228.8004843142994,1,NORMAL
233,12.48930003943508,38.7721272583405,0,2910.0069091883734,1,NORMAL
230,10.601953297898893,45.314124420708175,1,2438.4492585167454,1,NORMAL
223,8.449317594187676,66.88552378224225,1,1884.1978235038516,1,NORMAL
222,12.243224830432457,43.0745284388088,1,2717.995912356005,1,NORMAL
213,12.904509322665874,41.98287827342504,1,2748.660485727831,1,NORMAL
229,7.075483226106535,43.64192591240629,1,1620.2856587783965,1,NORMAL
230,11.122980946879489,48.96734418794223,0,2558.2856177822823,1,NORMAL
232,5.976605646914711,73.32115734016307,1,1386.572510084213,1,NORMAL
239,9.502529542341577,51.87329783391024,1,2271.1045606196367,1,NORMAL
231,9.413584448773435,48.315568714668714,1,2174.5380076666634,1,NORMAL
212,12.78418529334112,64.40309538494064,0,2710.2472821883175,1,NORMAL
228,7.298901921908554,35.78724331471737,1,1664.1496381951504,1,NORMAL
221,10.421061591987062,38.05094347411098,0,2303.054611829141,1,NORMAL
231,9.12233870375459,65.13324623554944,1,2107.26024056731,1,NORMAL
221,11.66187412632172,44.534513455123125,0,2577.2741819171,1,NORMAL
235,11.649375609277323,65.66012485097349,0,2737.6032681801707,1,NORMAL
220,6.320279502903557,52.66026347292535,1,1390.4614906387826,1,NORMAL
210,12.803957329156415,54.765089274061275,0,2688.831039122847,1,NORMAL
224,8.878693458526044,64.61069879212934,0,1988.8273347098338,1,NORMAL
224,10.526868719994212,35.601262545941175,0,2358.0185932787035,1,NORMAL
219,14.336692630780563,52.1814095900876,1,3139.7356861409435,1,NORMAL
220,5.787828558195997,38.03977458254326,1,1273.3222828031194,1,NORMAL
230,8.915940472408373,61.97893742990039,0,2050.6663086539256,1,NORMAL
214,13.266049545757939,56.38858639541705,1,2838.934602792199,1,NORMAL
216,6.488464375457719,51.37113200930545,0,1401.5083050988671,1,NORMAL
223,9.157941836203598,50.747082623760555,1,2042.2210294734023,1,NORMAL
238,10.687731689552951,32.77043052359468,0,2543.6801421136024,1,NORMAL
222,5.596275979349583,66.88855956853536,1,1242.3732674156074,1,NORMAL
219,9.72671273529416,69.36632488665813,1,2130.150089029421,1,NORMAL
223,13.894459327956735,79.59274961741195,0,3098.464430134352,1,NORMAL
231,5.382766860598506,32.66568498691534,1,1243.419144798255,1,NORMAL
235,11.329377663089913,60.85534221970128,0,2662.4037508261295,1,NORMAL
211,14.90400891227713,71.78946892996225,0,3144.7458804904745,-1,ANOMALY
211,8.073574928265542,42.890311712753295,1,1703.5243098640292,1,NORMAL
237,8.19847853022118,48.75021224209578,1,1943.0394116624198,1,NORMAL
226,10.78255835585352,54.324491248631816,0,2436.8581884228956,1,NORMAL
218,14.195983368861494,54.649411429833876,0,3094.724374411806,1,NORMAL
219,5.658058972480431,37.39324980906632,0,1239.1149149732144,1,NORMAL
240,10.42881604369407,45.756246615856874,0,2502.915850486577,1,NORMAL
234,8.25376942438552,77.62482165310203,1,1931.382045306212,1,NORMAL
225,9.05455782155636,58.569772717045026,1,2037.275509850181,1,NORMAL
217,5.56914633118391,59.72672346512226,0,1208.5047538669085,1,NORMAL
226,13.953621347149284,61.85298899240045,0,3153.518424455738,1,NORMAL
235,12.389275150488157,53.710983914013184,0,2911.479660364717,1,NORMAL
227,14.660615543102292,77.84852750723294,1,3327.95972828422,-1,ANOMALY
218,12.528630654836522,77.49865979602924,0,2731.241482754362,1,NORMAL
240,8.949361392805672,65.89000114561982,1,2147.846734273361,1,NORMAL
229,13.981701394485414,68.33412066079964,1,3201.80961933716,1,NORMAL
227,10.387872462795967,43.324337294109505,0,2358.0470490546845,1,NORMAL
217,10.119488930146648,69.66555339846607,0,2195.9290978418226,1,NORMAL
219,12.199258436739516,45.504584970825675,1,2671.637597645954,1,NORMAL
229,5.645266160601378,79.38659194673923,0,1292.7659507777155,1,NORMAL
234,11.151136020979754,38.75503490475644,0,2609.3658289092623,1,NORMAL
217,13.29713102139639,47.29909450396811,1,2885.4774316430166,1,NORMAL
213,5.57117083816914,68.33325053817273,1,1186.6593885300267,1,NORMAL
232,14.424243372123852,53.785913699339794,1,3346.4244623327336,1,NORMAL
228,12.787264513262382,38.32267249551722,1,2915.496309023823,1,NORMAL
220,6.456252855742425,31.407474596072383,0,1420.3756282633335,1,NORMAL
211,12.202391383318488,31.616421129524625,0,2574.704581880201,1,NORMAL
234,5.6968108605918,49.099906174297125,0,1333.0537413784812,1,NORMAL
217,6.077150272865474,34.65593112204441,0,1318.7416092118078,1,NORMAL
221,8.203168681235354,69.51553531791728,0,1812.9002785530133,1,NORMAL
229,14.957738816076127,69.50081322390889,0,3425.322188881433,-1,ANOMALY
228,9.814083379389034,62.61522121208939,1,2237.6110105006996,1,NORMAL
225,10.874073464149497,55.39154090243464,0,2446.6665294336367,1,NORMAL
232,9.630849991951575,47.18511870765327,1,2234.3571981327655,1,NORMAL
216,5.235748839740692,67.22968923539017,1,1130.9217493839894,1,NORMAL
217,12.17710399621096,32.62559282173709,1,2642.431567177778,1,NORMAL
218,7.643520292118991,32.396294942588796,0,1666.28742368194,1,NORMAL
217,13.20458722556064,79.28125738669101,1,2865.395427946659,1,NORMAL
239,7.435256538376849,67.08832817490661,1,1777.0263126720668,1,NORMAL
222,11.191130287570514,76.28661380899374,1,2484.430923840654,1,NORMAL
235,9.011622703477467,73.67484966934335,0,2117.731335317205,1,NORMAL
234,11.675076023541907,76.13006691584178,1,2731.967789508806,1,NORMAL
216,10.060296708263492,53.79911387352075,1,2173.024088984914,1,NORMAL
240,10.061844692895544,64.61831489568426,1,2414.842726294931,1,NORMAL
234,9.911606872867402,58.327260343328504,0,2319.316008250972,1,NORMAL
215,8.377959617614842,33.85404450832565,0,1801.261317787191,1,NORMAL
222,11.448193374414947,39.41671621207054,1,2541.498929120118,1,NORMAL
229,11.454527744949843,78.63058648610401,1,2623.086853593514,1,NORMAL
239,10.667453581491372,67.20050372737558,0,2549.521405976438,1,NORMAL
223,8.57634340680066,52.70172556716764,1,1912.5245797165474,1,NORMAL
212,8.811455621534902,55.163791703519905,0,1868.0285917653994,1,NORMAL
225,5.401856127937442,46.59997464598099,0,1215.4176287859245,1,NORMAL
211,11.317604909025587,77.51550988798765,1,2388.014635804399,1,NORMAL
216,7.007973981903499,76.58262749496899,1,1513.7223800911556,1,NORMAL
216,6.578703661110916,58.26675788274224,1,1420.999990799958,1,NORMAL
233,9.356183106557868,79.22136089000178,1,2179.990663827983,1,NORMAL
213,10.029819164854207,72.51036364274714,0,2136.351482113946,1,NORMAL
223,8.7279149906384,39.536562325697055,1,1946.3250429123632,1,NORMAL
236,9.297365853439675,74.32247772359888,1,2194.1783414117635,1,NORMAL
227,9.627040969059573,40.15446778704451,1,2185.338299976523,1,NORMAL
238,12.397410624903676,68.23284836309567,1,2950.583728727075,1,NORMAL
229,7.3001983778289485,46.98456648982301,0,1671.7454285228291,1,NORMAL
239,9.901608452242037,43.52881944539356,0,2366.484420085847,1,NORMAL
240,6.237419067611702,34.43650390099395,1,1496.9805762268086,-1,ANOMALY
237,8.813093987923473,54.1414384768059,1,2088.7032751378633,1,NORMAL
229,13.220817647053657,45.8457355950088,0,3027.5672411752876,1,NORMAL
219,13.137349997650535,68.90396109199295,1,2877.079649485467,1,NORMAL
215,5.2880338280127095,58.8457041515161,0,1136.9272730227326,1,NORMAL
218,11.723958695451984,56.57455660597436,0,2555.8229956085324,1,NORMAL
222,10.673411149040128,70.47074585644697,1,2369.4972750869083,1,NORMAL
211,11.438361399321193,30.41095216147039,1,2413.494255256772,1,NORMAL
238,14.907654203895502,55.55461578515869,1,3548.0217005271297,-1,ANOMALY
230,9.83537210823653,77.95298882169698,0,2262.135584894402,1,NORMAL
218,10.223114489575012,33.86956405813268,1,2228.6389587273525,1,NORMAL
218,10.586657889331372,79.81929293138364,0,2307.891419874239,1,NORMAL
223,9.576393379291114,73.73929582066734,1,2135.5357235819183,1,NORMAL
219,7.753911434063047,57.63491797782955,1,1698.1066040598073,1,NORMAL
224,13.614308895456107,56.66538461274496,0,3049.605192582168,1,NORMAL
216,8.341649572751434,50.09435512882116,0,1801.7963077143097,1,NORMAL
237,5.590166815209221,49.70086312511904,0,1324.8695352045854,1,NORMAL
221,14.9303809755643,54.89405680054177,0,3299.6141955997105,1,NORMAL
220,8.79206347893559,34.754772752750235,1,1934.2539653658298,1,NORMAL
232,12.891623426490417,31.983512859617008,0,2990.856634945777,1,NORMAL
226,7.686078772302764,61.796958814971546,0,1737.0538025404246,1,NORMAL
218,12.091852793049553,39.92872016922099,1,2636.0239088848025,1,NORMAL
219,10.620317220123313,63.06992914394883,0,2325.8494712070055,1,NORMAL
218,6.9908853813813145,69.17597792226317,1,1524.0130131411265,1,NORMAL
230,9.041522505584101,61.927962528164414,0,2079.5501762843433,1,NORMAL
218,14.54395637647657,62.90455732780531,0,3170.582490071892,1,NORMAL
212,6.724089603840017,78.17780363975987,1,1425.5069960140836,1,NORMAL
224,13.61949395707285,52.45381706829372,1,3050.7666463843184,1,NORMAL
239,14.648755620201086,47.74965726370137,0,3501.05259322806,-1,ANOMALY
237,12.27016477509597,68.52208430956182,0,2908.029051697745,1,NORMAL
211,11.325899195409404,47.44173171250301,0,2389.7647302313844,1,NORMAL
215,14.97647208644764,35.3948163220818,1,3219.9414985862427,-1,ANOMALY
237,14.808814902508576,50.77305066323298,0,3509.6891318945327,-1,ANOMALY
215,12.958552025297056,50.81076895243618,0,2786.088685438867,1,NORMAL
229,7.07997234999215,57.72052459143679,0,1621.3136681482022,1,NORMAL
214,8.08393711093904,67.91018121224278,0,1729.9625417409545,1,NORMAL
213,14.049053456286334,47.92434887105021,0,2992.448386188989,1,NORMAL
218,11.66115229620728,77.07491268987141,0,2542.131200573187,1,NORMAL
216,5.505269494837992,43.77347366158246,0,1189.1382108850064,1,NORMAL
233,14.68512779723509,75.80857738567158,0,3421.634776755776,-1,ANOMALY
227,6.6369928777827845,34.2808715521564,1,1506.5973832566922,1,NORMAL
240,10.920360823698875,39.244009795423594,0,2620.88659768773,1,NORMAL
232,7.377871076051803,75.31664878037029,1,1711.6660896440183,1,NORMAL
227,7.3979330801768795,41.017069071702764,0,1679.3308092001516,1,NORMAL
210,10.565691107770563,71.90739685569426,1,2218.7951326318184,1,NORMAL
223,14.925450385362652,72.47877991359202,0,3328.3754359358713,1,NORMAL
228,10.3996012391469,78.60834645552922,1,2371.1090825254932,1,NORMAL
215,9.961191252268847,46.73434260177655,0,2141.656119237802,1,NORMAL
217,13.997670417961219,73.24180889840423,1,3037.4944806975845,1,NORMAL
239,10.882820163147645,70.96676950558998,0,2600.9940189922872,1,NORMAL
236,13.458174629145173,48.56330891291746,0,3176.129212478261,1,NORMAL
231,8.360823613510714,44.3831833188853,1,1931.350254720975,1,NORMAL
237,14.939709021788708,79.70005423292551,1,3540.711038163924,-1,ANOMALY
235,5.8460325577632695,64.30177416986314,0,1373.8176510743683,1,NORMAL
217,6.3097593428348375,70.99304864239348,0,1369.2177773951598,1,NORMAL
223,12.957787637850178,41.98563729606698,0,2889.5866432405896,1,NORMAL
218,5.129424025346827,37.119426322797416,0,1118.2144375256082,1,NORMAL
215,11.944828897166925,49.311064527322046,0,2568.138212890889,1,NORMAL
229,7.0762447535481074,75.41853573760908,1,1620.4600485625167,1,NORMAL
226,14.753423087223194,62.30917041233759,0,3334.2736177124416,1,NORMAL
239,14.555362185287734,68.56718587256746,0,3478.7315622837687,-1,ANOMALY
233,11.26145609751173,47.123232830259724,1,2623.919270720233,1,NORMAL
230,7.324304043767501,53.69683483326473,0,1684.5899300665253,1,NORMAL
240,7.313981726620256,55.819080692458215,0,1755.3556143888613,1,NORMAL
211,7.413120434595411,45.07474614605337,0,1564.1684116996319,1,NORMAL
212,6.513214296493088,67.08706995083257,1,1380.8014308565348,1,NORMAL
221,6.136046024849028,56.59288317926672,0,1356.0661714916353,1,NORMAL
233,14.888815678429092,79.58580786173927,0,3469.0940530739786,-1,ANOMALY
240,9.528564855668337,75.79582858232703,1,2286.8555653604008,1,NORMAL
223,14.067092634136886,41.98771103329402,1,3136.9616574125257,1,NORMAL
226,9.665421219292117,46.09095973952553,1,2184.3851955600185,1,NORMAL
212,8.267941861286264,42.041864764078746,0,1752.803674592688,1,NORMAL
221,8.105342983687777,68.97080349335525,1,1791.2807993949987,1,NORMAL
216,14.84506283636944,67.48854507972912,1,3206.533572655799,1,NORMAL
212,13.598110778795466,70.34337346886343,0,2882.7994851046387,1,NORMAL
211,7.173576466731674,36.02628617956527,1,1513.6246344803833,1,NORMAL
223,12.478313563017458,67.97732081254071,1,2782.663924552893,1,NORMAL
234,9.429819710521663,76.26622754907248,1,2206.577812262069,1,NORMAL
240,5.817745187849523,52.190890384387004,1,1396.2588450838855,1,NORMAL
223,6.8844584652286525,30.821245952511017,1,1535.2342377459895,1,NORMAL
211,13.718339689243411,50.225188365708114,1,2894.5696744303596,1,NORMAL
229,7.526662220438968,39.51305776093341,1,1723.6056484805238,1,NORMAL
235,13.803924296559675,61.319561552030464,1,3243.9222096915237,1,NORMAL
225,11.6737226450128,41.03727194054841,0,2626.58759512788,1,NORMAL
222,8.868751665497438,71.22558652196342,1,1968.8628697404313,1,NORMAL
233,5.814824733877187,56.83463131966013,0,1354.8541629933845,1,NORMAL
218,5.281701059563262,66.8912892226339,0,1151.4108309847911,1,NORMAL
231,13.724799456973498,35.646504744708984,0,3170.428674560878,1,NORMAL
223,11.734026956467499,44.97021994972691,1,2616.688011292252,1,NORMAL
229,8.238927683152538,73.21615066120751,0,1886.714439441931,1,NORMAL
239,10.500013213427984,32.607191831525135,1,2509.503158009288,1,NORMAL
217,9.70182668265931,31.421051827792034,1,2105.29639013707,1,NORMAL
229,14.902527722119224,43.00449336706597,1,3412.678848365302,-1,ANOMALY
221,7.551780211649896,39.90597339493074,0,1668.943426774627,1,NORMAL
226,13.310172383010935,54.253079621892525,1,3008.098958560471,1,NORMAL
216,10.481972053775934,68.6519618194788,0,2264.1059636156015,1,NORMAL
238,9.00457161603543,38.15933113129688,1,2143.088044616432,1,NORMAL
233,10.513796442093033,58.888459634811504,0,2449.7145710076766,1,NORMAL
238,14.340598583046221,44.53348405617593,0,3413.0624627650004,1,NORMAL
225,5.965826846796999,39.849230453655316,1,1342.3110405293246,1,NORMAL
220,9.55180271117518,37.02632238517668,1,2101.3965964585395,1,NORMAL
222,9.27827214840152,34.135691125917,0,2059.7764169451375,1,NORMAL
240,6.060876202547096,51.707612874289126,1,1454.610288611303,1,NORMAL
216,14.890297361234735,52.52622535100876,0,3216.304230026703,1,NORMAL
230,11.583693873157586,68.25538750147521,1,2664.2495908262445,1,NORMAL
221,6.149526930890588,66.55258592808177,1,1359.0454517268201,1,NORMAL
210,7.993019307387097,61.4844944376479,1,1678.5340545512904,1,NORMAL
220,10.253536791405459,64.48790459909196,0,2255.778094109201,1,NORMAL
238,14.670084592236964,38.97181215926296,1,3491.4801329523975,-1,ANOMALY
233,13.372181903999618,35.84298293477381,0,3115.718383631911,1,NORMAL
236,5.412042167488323,44.74284156158578,1,1277.2419515272443,1,NORMAL
236,8.999843858289724,63.98970169672628,0,2123.963150556375,1,NORMAL
223,12.323529885367941,47.215933824236956,0,2748.147164437051,1,NORMAL
237,13.481243516243401,60.89179283216683,0,3195.054713349686,1,NORMAL
235,13.658657598762906,37.72807108425742,1,3209.784535709283,1,NORMAL
210,8.651718408049211,57.381576978236254,1,1816.8608656903343,1,NORMAL
229,5.536608406557911,44.775481194270874,0,1267.8833251017616,1,NORMAL
233,11.571237822131614,61.95722944052828,0,2696.098412556666,1,NORMAL
237,11.470836085834716,32.91817792194545,0,2718.5881523428275,1,NORMAL
236,10.150283763796438,36.44309059752726,1,2395.4669682559593,1,NORMAL
233,14.004241890271667,64.27444531568193,0,3262.988360433298,1,NORMAL
215,5.073415657805728,52.2512290596805,1,1090.7843664282316,1,NORMAL
230,9.423066210058419,71.21513637653624,0,2167.3052283134366,1,NORMAL
223,5.112566671483641,77.90417917694026,1,1140.102367740852,-1,ANOMALY
223,6.88191170400613,56.86500877996657,0,1534.6663099933671,1,NORMAL
239,14.25962572899926,42.44261516806406,1,3408.0505492308234,-1,ANOMALY
240,14.261444267215106,71.22054597149798,0,3422.7466241316256,-1,ANOMALY
220,6.612132840653099,33.85718414316176,0,1454.6692249436817,1,NORMAL
228,14.493673572692424,57.50074926589614,0,3304.557574573873,1,NORMAL
240,10.427705172460136,76.67243804566621,0,2502.6492413904325,1,NORMAL
224,10.936799643731046,49.84675621778538,0,2449.843120195754,1,NORMAL
216,9.891215804723702,45.14764686581329,0,2136.5026138203198,1,NORMAL
228,11.265172994210788,71.62033088728239,1,2568.4594426800595,1,NORMAL
228,10.041361078339069,72.35718640045023,1,2289.4303258613077,1,NORMAL
220,10.823405783407654,48.33244676973799,0,2381.149272349684,1,NORMAL
235,12.670535248351852,30.679314658287637,1,2977.5757833626853,1,NORMAL
217,13.975250196496923,44.18836954278987,1,3032.6292926398323,1,NORMAL
224,5.891339961784095,60.59228862721241,1,1319.6601514396373,1,NORMAL
239,10.621175062561338,53.092207807491505,0,2538.46083995216,1,NORMAL
212,12.032882895679581,67.67370871631172,1,2550.971173884071,1,NORMAL
234,9.768040210993867,72.30974626644806,0,2285.7214093725647,1,NORMAL
219,9.54288181068315,30.373262401990292,0,2089.89111653961,1,NORMAL
214,6.299008726234206,41.14363196855348,0,1347.98786741412,1,NORMAL
227,8.247498936138836,60.46633274600233,1,1872.1822585035159,1,NORMAL
218,13.767160868088549,36.618906760284155,1,3001.2410692433036,1,NORMAL
229,11.421405115908394,43.748422016387046,0,2615.501771543022,1,NORMAL
222,11.770493055378576,66.44205243804214,0,2613.049458294044,1,NORMAL
228,11.803126131660768,71.77738219870824,0,2691.1127580186553,1,NORMAL
227,13.988623371152018,50.52544697093273,1,3175.417505251508,1,NORMAL
220,5.560466829821555,44.15171170770762,0,1223.302702560742,1,NORMAL
219,5.065192114185152,59.40086722722012,1,1109.277073006548,-1,ANOMALY
237,11.854952748740953,36.626988166537075,1,2809.6238014516057,1,NORMAL
227,5.666197783256762,42.67356254599467,0,1286.226896799285,1,NORMAL
214,5.2091637287169075,35.95013995896845,0,1114.7610379454181,-1,ANOMALY
214,9.07427007366435,48.83612319346868,0,1941.8937957641708,1,NORMAL
236,13.067298467402503,60.11076828887838,1,3083.882438306991,1,NORMAL
216,6.8364764463345224,34.79514159593887,1,1476.6789124082568,1,NORMAL
235,5.831748023088279,58.72214456444259,1,1370.4607854257456,1,NORMAL
225,5.759133345904555,51.56543378279446,1,1295.805002828525,1,NORMAL
226,9.913046152149025,38.28389211103944,0,2240.34843038568,1,NORMAL
227,7.729213679849546,61.24046658656003,0,1754.5315053258469,1,NORMAL
229,5.563539185808356,42.78558405022333,1,1274.0504735501136,1,NORMAL
228,7.274937311738884,37.80393610154281,1,1658.6857070764656,1,NORMAL
213,13.81240660494157,72.5110034949825,1,2942.0426068525544,1,NORMAL
212,8.363875466618406,42.97028997329886,0,1773.141598923102,1,NORMAL
230,6.883643071978829,47.750657286673714,0,1583.2379065551308,1,NORMAL
210,10.368566281195502,55.065790293623465,1,2177.3989190510556,1,NORMAL
218,7.4066467940689815,30.804405400592582,1,1614.649001107038,1,NORMAL
215,5.6097823060271494,36.2250826914927,0,1206.103195795837,1,NORMAL
216,14.800061021877163,59.35574727958928,0,3196.813180725467,1,NORMAL
212,6.539161747953606,59.79476752649007,0,1386.3022905661644,1,NORMAL
239,9.874590687006652,62.85581769077781,0,2360.02717419459,1,NORMAL
237,8.983764776246943,48.72656894563329,1,2129.1522519705254,1,NORMAL
240,6.784263597296391,40.32111188939468,1,1628.223263351134,1,NORMAL
225,10.373948819625376,73.29443362524123,1,2334.1384844157096,1,NORMAL
213,14.575242511421287,40.0906552082492,1,3104.526654932734,1,NORMAL
234,10.224822626079252,44.54587522809882,0,2392.608494502545,1,NORMAL
235,12.321302450488178,73.26856326678104,1,2895.506075864722,1,NORMAL
237,13.983529920152298,51.04606224718604,0,3314.0965910760947,1,NORMAL
238,9.79475923293974,60.582199645634105,0,2331.152697439658,1,NORMAL
218,14.933537199398694,63.61049531547327,0,3255.5111094689155,1,NORMAL
212,14.253006533718661,61.519682693778,1,3021.6373851483563,1,NORMAL
216,13.462415079815598,72.67560860674271,1,2907.8816572401693,1,NORMAL
239,10.979925277469947,69.0548641374694,1,2624.2021413153175,1,NORMAL
220,7.142549329489361,76.99052196751262,1,1571.3608524876595,1,NORMAL
220,12.721620042819234,39.8883159787302,0,2798.7564094202316,1,NORMAL
223,6.007955766748231,55.11583335642218,1,1339.7741359848555,1,NORMAL
239,7.2604255622564615,67.51419251137264,0,1735.2417093792942,1,NORMAL
223,8.20724615703515,59.9600899412392,1,1830.2158930188386,1,NORMAL
220,13.0403328206846,61.019486438639916,1,2868.873220550612,1,NORMAL
210,8.151910189002677,31.55512549973157,1,1711.9011396905623,-1,ANOMALY
234,10.149780322806219,68.52177675918225,1,2375.0485955366553,1,NORMAL
229,14.387739206572936,62.39380491079542,0,3294.792278305202,1,NORMAL
223,11.166924492478392,30.176919196549314,0,2490.2241618226813,1,NORMAL
212,5.349663441732182,47.35682922950438,0,1134.1286496472226,-1,ANOMALY
222,11.763244900430351,69.98985794112119,0,2611.4403678955377,1,NORMAL
218,14.287980187749525,67.39744085292895,1,3114.7796809293964,1,NORMAL
239,8.779332030677839,72.27810306103606,1,2098.2603553320037,1,NORMAL
225,14.91014805685957,47.401883038986384,0,3354.7833127934036,1,NORMAL
214,7.385012403360326,69.57261069793637,1,1580.3926543191099,1,NORMAL
228,10.50489199747361,44.73279826259689,0,2395.115375423983,1,NORMAL
240,7.80587229506558,38.94633624072039,0,1873.4093508157391,1,NORMAL
217,6.864628058064522,38.55681480347758,0,1489.6242886000011,1,NORMAL
233,6.3937545539405205,78.58537024488643,0,1489.7448110681412,1,NORMAL
237,12.856979664799862,56.52562457731912,0,3047.1041805575674,1,NORMAL
222,9.160169894721864,76.18053141506314,1,2033.557716628254,1,NORMAL
221,10.997532711396007,55.31629929280304,0,2430.4547292185175,1,NORMAL
215,9.926255388046922,68.07948774180463,1,2134.1449084300884,1,NORMAL
239,7.448096997887115,41.41403316347032,0,1780.0951824950205,1,NORMAL
212,7.223707213585154,39.784993273465744,1,1531.4259292800527,1,NORMAL
220,5.206744383030596,58.96914882049262,1,1145.4837642667312,1,NORMAL
210,8.402343013056324,45.69234447563538,0,1764.492032741828,1,NORMAL
223,6.153227447207408,79.47194266763657,1,1372.169720727252,1,NORMAL
220,5.5969356023664565,74.07464684225106,1,1231.3258325206205,1,NORMAL
213,6.643434729841394,39.38916822747264,1,1415.0515974562168,1,NORMAL
236,13.398817502678796,75.75826817131883,0,3162.1209306321957,1,NORMAL
220,11.509893766973462,58.793356152348125,1,2532.1766287341616,1,NORMAL
216,6.870426874694521,47.21443644361561,1,1484.0122049340166,1,NORMAL
213,10.6340852202221,39.049558875528,1,2265.0601519073075,1,NORMAL
218,8.216639964624353,79.49948096362226,1,1791.227512288109,1,NORMAL
228,9.310656989463219,78.21465856401073,0,2122.829793597614,1,NORMAL
217,14.721566452805227,34.5550445186897,0,3194.579920258734,1,NORMAL
232,7.880545170437654,47.62557616074362,1,1828.2864795415358,1,NORMAL
232,6.6195079331281805,34.318522256398836,0,1535.725840485738,1,NORMAL
231,9.429791880371532,64.47455653975567,0,2178.2819243658237,1,NORMAL
231,11.252985927450773,65.41557217266137,0,2599.4397492411285,1,NORMAL
224,5.463555064802281,64.47719947535626,0,1223.836334515711,1,NORMAL
218,12.177329864786572,74.01077350443683,1,2654.6579105234728,1,NORMAL
236,5.8647164489497525,40.88101500162258,0,1384.0730819521416,1,NORMAL
220,9.70476881031203,63.918210291912466,1,2135.049138268647,1,NORMAL
238,12.713574488788343,66.57663286327296,0,3025.8307283316253,1,NORMAL
229,10.528545001755791,59.49389178925921,1,2411.0368054020764,1,NORMAL
223,12.01151653128427,63.343032463658304,0,2678.5681864763924,1,NORMAL
237,11.212942872949556,34.26274284667293,1,2657.467460889045,1,NORMAL
230,8.604357086956401,44.58621542522709,0,1979.0021299999723,1,NORMAL
222,13.724399859194559,76.64396961721768,1,3046.816768741192,1,NORMAL
217,9.639841259814384,49.10239610354446,1,2091.8455533797214,1,NORMAL
220,5.810768638249979,52.990204638455154,1,1278.3691004149953,1,NORMAL
212,9.907330977326751,73.12472753568733,1,2100.354167193271,1,NORMAL
239,14.369382117970154,69.38130958464896,1,3434.282326194867,-1,ANOMALY
230,12.53039869173203,39.84976687419691,1,2881.991699098367,1,NORMAL
234,12.340840508686632,54.67188801905814,1,2887.756679032672,1,NORMAL
240,12.116514776270137,78.24742309061796,1,2907.9635463048326,1,NORMAL
216,14.145395215935913,55.36155109028072,0,3055.4053666421573,1,NORMAL
212,13.63162415521493,53.86450957203036,1,2889.904320905565,1,NORMAL
227,13.990888443278111,68.14814852429434,1,3175.9316766241313,1,NORMAL
229,5.206857398433132,58.17339580158962,0,1192.3703442411872,1,NORMAL
221,14.178890214050769,56.10952876655867,1,3133.53473730522,1,NORMAL
239,10.978811985931909,54.06896264639845,1,2623.9360646377263,1,NORMAL
221,14.513747906875782,61.914445323546204,1,3207.538287419548,1,NORMAL
222,11.479899708621009,34.77591328058284,0,2548.537735313864,1,NORMAL
239,7.810828050180162,59.66935957396059,0,1866.7879039930588,1,NORMAL
211,8.69644812337995,56.486796742061145,1,1834.9505540331695,1,NORMAL
228,8.936186100406951,67.31514691762897,1,2037.4504308927849,1,NORMAL
210,12.333479428695448,37.77276521106425,0,2590.030680026044,1,NORMAL
235,8.661162349615175,33.49576924092956,1,2035.3731521595662,1,NORMAL
231,11.601949817407082,67.89472626335947,0,2680.050407821036,1,NORMAL
237,10.045064385068187,48.86326136317194,0,2380.6802592611602,1,NORMAL
216,12.427851177072366,32.41190326532136,0,2684.415854247631,1,NORMAL
224,5.668568065471366,71.48602521753696,1,1269.759246665586,1,NORMAL
214,10.713457693815197,39.53263792935258,1,2292.679946476452,1,NORMAL
228,11.906205128062442,34.645977670875325,1,2714.614769198237,1,NORMAL
232,8.429041575329165,57.897379257076025,0,1955.5376454763664,1,NORMAL
229,10.126500786843238,58.74711518818171,0,2318.9686801871017,1,NORMAL
217,7.69862235455745,71.52937760460401,0,1670.6010509389666,1,NORMAL
228,7.971272107001263,53.248771225305454,1,1817.450040396288,1,NORMAL
212,6.791191311512717,37.45123318562078,0,1439.7325580406962,1,NORMAL
220,9.949290460120165,45.700533760853844,1,2188.8439012264366,1,NORMAL
233,8.195715784130602,32.22616040171352,1,1909.6017777024304,1,NORMAL
227,12.980800267864765,43.041992466267416,0,2946.641660805302,1,NORMAL
225,11.514540980582176,56.46654958705868,1,2590.7717206309894,1,NORMAL
238,7.627326675241512,61.26259640259731,0,1815.3037487074798,1,NORMAL
224,7.1321037308622675,48.80372619421068,0,1597.5912357131479,1,NORMAL
215,13.162047266703055,40.02716941627427,1,2829.840162341157,1,NORMAL
214,8.50482020854237,69.09345587090492,0,1820.031524628067,1,NORMAL
229,10.152629657902601,48.051062919799236,0,2324.9521916596955,1,NORMAL
214,6.421991360101066,34.16234443710523,1,1374.306151061628,1,NORMAL
238,9.995148342279858,39.03269660087496,0,2378.845305462606,1,NORMAL
232,6.463979846101651,57.439685994112395,0,1499.6433242955832,1,NORMAL
219,14.39595237542359,48.302180941495976,1,3152.713570217766,1,NORMAL
232,5.9176678059068,42.31811256554347,0,1372.8989309703775,1,NORMAL
219,6.36008364245007,40.98640638766918,0,1392.8583176965653,1,NORMAL
225,13.756682043142831,33.01895859652069,1,3095.253459707137,1,NORMAL
234,10.355853083578667,60.040776401451396,0,2423.2696215574083,1,NORMAL
219,11.258555189648893,57.224467233943734,1,2465.6235865331078,1,NORMAL
221,7.001923040997699,40.52434564317052,0,1547.4249920604916,1,NORMAL
219,13.119548398573144,78.3658338809926,0,2873.1810992875185,1,NORMAL
216,9.788075279021156,33.000746483886786,0,2114.2242602685697,1,NORMAL
239,13.263844671345687,40.919670231602865,0,3170.058876451619,1,NORMAL
235,10.52843515739028,35.25607314121845,0,2474.1822619867157,1,NORMAL
214,6.1129089619269195,66.24458862802356,1,1308.1625178523607,1,NORMAL
218,7.376390556015132,54.77985253341835,1,1608.053141211299,1,NORMAL
231,13.188826245676847,58.8809912111835,1,3046.6188627513516,1,NORMAL
222,14.062039940870925,66.38665391401119,1,3121.7728668733453,1,NORMAL
220,10.797488759008385,37.41908656100089,1,2375.4475269818445,1,NORMAL
217,14.746254154576846,37.828686268123406,1,3199.937151543176,1,NORMAL
227,9.004249076882887,42.33183220977782,0,2043.9645404524153,1,NORMAL
230,6.342307793742924,78.70786086696936,0,1458.7307925608725,1,NORMAL
228,11.497209572982971,61.57612586975762,0,2621.3637826401173,1,NORMAL
231,7.240420216664027,78.06761887103872,1,1672.5370700493902,1,NORMAL
219,12.293836264082394,58.779742311682384,1,2692.3501418340443,1,NORMAL
218,10.939557581152547,35.929096170730205,1,2384.8235526912554,1,NORMAL
224,9.437106848587955,38.229348850853675,1,2113.911934083702,1,NORMAL
222,8.696765090703728,60.41315602823671,1,1930.6818501362277,1,NORMAL
225,12.052849734229243,59.621236400468234,1,2711.89119020158,1,NORMAL
219,8.409954300221209,42.075379179773236,1,1841.7799917484447,1,NORMAL
215,13.378579806362836,73.1931241155361,0,2876.39465836801,1,NORMAL
213,8.573160833623158,60.52909886884161,0,1826.0832575617326,1,NORMAL
214,13.09279006540059,56.338385838167724,1,2801.8570739957263,1,NORMAL
215,10.328982106763412,72.8401460941189,0,2220.7311529541334,1,NORMAL
240,13.63744917015962,68.99127975096293,1,3272.987800838309,1,NORMAL
223,14.738944616787254,75.96502611544821,1,3286.784649543558,1,NORMAL
231,14.61216727302285,43.62607073347362,1,3375.4106400682786,1,NORMAL
218,13.207023812303657,66.34604288923109,1,2879.1311910821973,1,NORMAL
228,11.34343612336751,44.1525707415666,0,2586.3034361277923,1,NORMAL
221,10.478124817647153,42.94907601721421,1,2315.6655847000206,1,NORMAL
220,14.406237996441982,33.6968396889937,1,3169.372359217236,1,NORMAL
210,13.486456099860337,61.93172644103876,0,2832.155780970671,1,NORMAL
238,8.989049280639605,79.09905463614786,0,2139.3937287922263,1,NORMAL
229,5.328992959725411,58.32908133852678,1,1220.339387777119,1,NORMAL
219,10.489401009680593,35.162766333754504,0,2297.17882112005,1,NORMAL
215,12.573969571876873,57.798843055551586,1,2703.403457953528,1,NORMAL
227,10.18827170183032,41.14439852586193,0,2312.7376763154825,1,NORMAL
211,10.604679130891263,75.40495763778003,1,2237.5872966180564,1,NORMAL
240,5.89870260202958,47.05553425636401,0,1415.6886244870993,1,NORMAL
225,7.248410584584629,38.16277042939739,0,1630.8923815315416,1,NORMAL
228,11.774273011825027,66.1993413473756,0,2684.534246696106,1,NORMAL
214,14.534306028859525,41.77390196515074,0,3110.3414901759384,1,NORMAL
235,11.195857041478623,65.90976063460798,1,2631.0264047474766,1,NORMAL
210,11.033854771492262,72.56337020070174,1,2317.109502013375,1,NORMAL
216,12.639430423924493,36.513683702475916,1,2730.1169715676906,1,NORMAL
227,12.233277925836358,61.9417208414039,1,2776.9540891648535,1,NORMAL
212,7.851703229971664,74.03932733116346,0,1664.5610847539926,1,NORMAL
218,10.751559796597103,72.59181567000292,0,2343.8400356581683,1,NORMAL
211,12.623899697731513,54.21871839299807,1,2663.642836221349,1,NORMAL
229,5.153792812300621,31.12273499729439,0,1180.218554016842,-1,ANOMALY
227,12.962113876515993,39.30480188590958,0,2942.39984996913,1,NORMAL
226,8.846181381214848,36.99692132512686,0,1999.2369921545555,1,NORMAL
221,13.53539858906721,37.85003119491679,0,2991.3230881838535,1,NORMAL
218,14.75893709441005,62.38770563177085,0,3217.448286581391,1,NORMAL
221,8.872310218568575,71.52073379038129,1,1960.7805583036552,1,NORMAL
225,6.146784799552617,46.52206866941002,0,1383.026579899339,1,NORMAL
228,5.856973425612888,72.7057615000673,0,1335.3899410397385,1,NORMAL
219,10.271126323742838,50.07933458846762,1,2249.3766648996816,1,NORMAL
218,6.228154901691409,33.61650063562267,0,1357.737768568727,1,NORMAL
223,6.920913179168488,64.71866098865684,0,1543.3636389545727,1,NORMAL
211,5.865519803662852,76.13882379180653,1,1237.6246785728617,-1,ANOMALY
214,10.995057188844086,56.80247336167402,0,2352.9422384126347,1,NORMAL
215,9.201406752092609,73.43276933879879,0,1978.302451699911,1,NORMAL
214,10.584271860730174,56.01341352566206,0,2265.0341781962575,1,NORMAL
235,6.582858476644149,72.8437670834666,1,1546.971742011375,1,NORMAL
224,14.37758238162896,44.37765643169861,0,3220.578453484887,1,NORMAL
226,14.945394400115568,60.57601762690695,1,3377.6591344261183,1,NORMAL
220,7.469724032204964,43.47203680207592,0,1643.339287085092,1,NORMAL
219,12.303698356220478,64.76714002499403,0,2694.5099400122845,1,NORMAL
221,6.781841515450056,51.879031888007056,0,1498.7869749144625,1,NORMAL
231,7.006256800240289,68.18678171351044,1,1618.4453208555067,1,NORMAL
233,5.8314329927973185,61.82252980553062,0,1358.7238873217752,1,NORMAL
210,9.792700560121052,55.614691460981646,1,2056.467117625421,1,NORMAL
228,8.978379505032965,61.35000047567907,1,2047.070527147516,1,NORMAL
231,13.307571073267386,73.76808960519965,1,3074.048917924766,1,NORMAL
222,12.662600209833997,38.952421427073716,0,2811.0972465831474,1,NORMAL
235,10.516496518141674,33.49604910454013,1,2471.376681763293,1,NORMAL
239,6.164063422808335,68.91788063994335,1,1473.211158051192,1,NORMAL
237,7.192645270257824,69.29604415269857,0,1704.6569290511043,1,NORMAL
228,8.087146897255867,36.98628333819308,1,1843.8694925743375,1,NORMAL
219,6.460226821226106,38.081409267317724,0,1414.7896738485172,1,NORMAL
231,14.965306803435322,31.002466070822667,1,3456.9858715935593,-1,ANOMALY
235,8.608031864389465,35.895921653947156,0,2022.8874881315244,1,NORMAL
232,14.225806275881625,42.2129707726408,0,3300.387056004537,1,NORMAL
219,10.093457656939393,61.473811279939255,1,2210.467226869727,1,NORMAL
215,13.412077326329705,40.571034669322685,1,2883.5966251608866,1,NORMAL
211,11.444018050136094,63.80657369096875,0,2414.6878085787157,1,NORMAL
240,8.784318144841558,36.931323215877605,0,2108.236354761974,1,NORMAL
222,5.716659330131547,34.22452333656013,0,1269.0983712892034,1,NORMAL
235,12.626565186556515,46.231057617261015,1,2967.242818840781,1,NORMAL
235,14.938181337998781,46.7509694120751,0,3510.4726144297138,1,NORMAL
212,10.453908682249613,58.44360638949173,0,2216.228640636918,1,NORMAL
238,14.815101137723335,49.4569965998182,1,3525.994070778154,-1,ANOMALY
226,7.133841294043747,38.94922271727431,0,1612.248132453887,1,NORMAL
215,12.799957905123762,39.70629255692706,0,2751.990949601609,1,NORMAL
227,5.182636473887488,54.58382591106502,0,1176.4584795724597,1,NORMAL
213,8.392597949706921,36.73082456984998,1,1787.6233632875742,1,NORMAL
228,10.049229473690724,36.13530434983459,0,2291.224320001485,1,NORMAL
222,9.673563062483044,48.931818521360476,1,2147.530999871236,1,NORMAL
211,6.044235437685294,56.05241291332922,0,1275.333677351597,1,NORMAL
237,6.428283520944217,31.622010458365086,1,1523.5031944637794,1,NORMAL
222,8.375563047216517,39.31627163227363,0,1859.3749964820668,1,NORMAL
213,14.187217783688757,72.75563047925246,0,3021.877387925705,1,NORMAL
218,5.894225401182326,78.31682228411294,0,1284.9411374577471,1,NORMAL
233,12.294652799494157,59.75066068542128,1,2864.6541022821384,1,NORMAL
240,7.9414992266652495,50.250899985972794,1,1905.95981439966,1,NORMAL
223,13.923502314145736,35.4617340617033,1,3104.941016054499,1,NORMAL
234,10.224697615147122,66.34891875305473,1,2392.5792419444265,1,NORMAL
218,10.587789509336357,54.21574276402756,0,2308.1381130353257,1,NORMAL
226,8.969693389989544,46.25695514955142,0,2027.150706137637,1,NORMAL
234,5.228553550468283,75.7955076566307,1,1223.4815308095783,-1,ANOMALY
226,6.9086394294474385,38.937478709961795,1,1561.352511055121,1,NORMAL
224,6.187937082603328,67.24340121508664,1,1386.0979065031456,1,NORMAL
237,6.075019171442021,53.83635589446222,1,1439.779543631759,1,NORMAL
219,9.294571365573255,55.78787133312974,0,2035.5111290605428,1,NORMAL
212,8.459177203737566,65.7162689890562,1,1793.345567192364,1,NORMAL
225,11.486599722241676,59.148961750620714,1,2584.4849375043773,1,NORMAL
214,14.622037134617194,53.94664474081348,0,3129.1159468080796,1,NORMAL
215,12.683873094932771,44.650064642415074,1,2727.0327154105457,1,NORMAL
224,13.269034802671957,59.826002461164805,1,2972.2637957985185,1,NORMAL
217,5.0874540874793155,31.89509045933181,1,1103.9775369830115,-1,ANOMALY
216,11.339206083808262,77.85757848496647,1,2449.2685141025845,1,NORMAL
230,9.018926611156513,65.48876691754712,0,2074.353120565998,1,NORMAL
216,11.269378889234396,44.34603492710605,0,2434.1858400746296,1,NORMAL
226,6.10615518026838,57.40463341870886,0,1379.9910707406539,1,NORMAL
223,8.686753339342967,43.52544637465051,0,1937.1459946734817,1,NORMAL
219,5.108929457192703,68.61181366768417,0,1118.855551125202,-1,ANOMALY
215,13.449578007727892,49.2909781095299,0,2891.659271661497,1,NORMAL
210,10.206521525952706,69.87356803748793,1,2143.369520450068,1,NORMAL
223,13.491385853226618,52.348648362906445,1,3008.5790452695355,1,NORMAL
236,10.661217831993408,32.54870120746517,1,2516.047408350444,1,NORMAL
210,7.743385170973797,41.91702819245264,0,1626.1108859044973,1,NORMAL
211,10.784233608061612,63.03912024082254,1,2275.4732913010002,1,NORMAL
217,10.399449737888377,45.589719241191645,1,2256.6805931217777,1,NORMAL
210,12.792759902494259,67.61674133159615,1,2686.479579523794,1,NORMAL
220,7.88828384800996,60.047999053991546,0,1735.4224465621912,1,NORMAL
235,8.16996002029299,33.95706253693777,0,1919.9406047688526,1,NORMAL
236,10.941891375433297,60.045817297527165,0,2582.286364602258,1,NORMAL
216,12.8665481812144,46.57045085278488,0,2779.1744071423104,1,NORMAL
232,6.800184783029795,58.27071389765432,0,1577.6428696629123,1,NORMAL
234,9.435804571649804,57.679081861155666,1,2207.978269766054,1,NORMAL
220,8.51694272419883,49.104747970832086,0,1873.7273993237425,1,NORMAL
240,10.476302988145791,46.83298827123717,1,2514.31271715499,1,NORMAL
223,10.304062193473282,67.43407283223496,0,2297.8058691445417,1,NORMAL
219,11.25337201191515,46.724177044529185,0,2464.488470609418,1,NORMAL
233,10.553013526232935,38.6501455904589,0,2458.8521516122737,1,NORMAL
217,7.6196978242728015,58.29490520529433,0,1653.4744278671978,1,NORMAL
222,10.45128030449085,30.047243993420466,0,2320.184227596969,1,NORMAL
231,8.219530885716642,37.14698317655802,1,1898.7116346005444,1,NORMAL
232,14.043633377748186,32.552683100732246,1,3258.1229436375793,1,NORMAL
232,11.724110012191687,34.37543024844813,1,2719.993522828471,1,NORMAL
234,7.958428315385493,72.65198600114283,0,1862.2722258002054,1,NORMAL
218,14.763131321548803,42.45421300821037,0,3218.362628097639,1,NORMAL
226,9.559829406343788,56.86033069487679,1,2160.521445833696,1,NORMAL
239,11.380106689896788,56.026107505470584,0,2719.8454988853323,1,NORMAL
232,12.971374366496676,68.4804429104276,1,3009.3588530272286,1,NORMAL
237,6.166575615857447,31.469108939808343,1,1461.4784209582149,1,NORMAL
233,11.647173192988472,41.13831077271069,0,2713.791353966314,1,NORMAL
237,5.53805671676853,35.255636551276766,1,1312.5194418741416,1,NORMAL
216,9.234336632059508,66.35489615610248,1,1994.6167125248537,1,NORMAL
220,7.611922755233662,46.091087783016775,1,1674.6230061514057,1,NORMAL
230,8.648285835520024,47.67421819278749,0,1989.1057421696055,1,NORMAL
224,9.026901352090556,60.82323719688239,1,2022.0259028682847,1,NORMAL
237,6.478709034298581,55.968678294392376,1,1535.4540411287637,1,NORMAL
238,8.37914619428985,65.33229806098899,1,1994.2367942409844,1,NORMAL
237,7.561883309169985,55.61558343382525,0,1792.1663442732863,1,NORMAL
227,10.383913021173548,63.80855262462641,1,2357.1482558063954,1,NORMAL
222,6.107515694256984,61.27783945757223,0,1355.8684841250504,1,NORMAL
228,14.204367141024774,37.95222904208809,0,3238.5957081536485,1,NORMAL
231,12.655812700764741,72.48207752959802,0,2923.492733876655,1,NORMAL
235,12.654642863725158,57.69572776863416,1,2973.8410729754123,1,NORMAL
230,11.057124780467998,57.44840016699496,0,2543.1386995076396,1,NORMAL
237,14.128528848280283,66.74567502654392,1,3348.461337042427,1,NORMAL
217,8.92269435562063,65.75490899520784,1,1936.2246751696766,1,NORMAL
231,11.530787900371825,69.92891628922091,1,2663.6120049858914,1,NORMAL
223,8.732427793059362,37.00689096497359,0,1947.3313978522376,1,NORMAL
237,9.158625403641736,77.61511042070208,1,2170.5942206630916,1,NORMAL
231,8.867674912723325,57.64647977731906,1,2048.432904839088,1,NORMAL
233,12.730786148526018,44.39548134789218,1,2966.273172606562,1,NORMAL
217,7.101496485903168,74.04119773259458,1,1541.0247374409876,1,NORMAL
240,11.568214842267388,44.68104834213686,1,2776.371562144173,1,NORMAL
215,13.245887637274334,75.09050804921071,1,2847.865842013982,1,NORMAL
219,7.915621818071225,41.078864964042324,0,1733.5211781575981,1,NORMAL
226,6.573438552929442,68.52152095220922,0,1485.5971129620539,1,NORMAL
217,12.144812948362485,69.99711932921338,0,2635.4244097946594,1,NORMAL
224,8.629188111300707,57.74292637842939,0,1932.9381369313583,1,NORMAL
224,8.959815333624949,45.02202423349519,1,2006.9986347319887,1,NORMAL
228,10.593001167231797,67.65034065000359,0,2415.2042661288497,1,NORMAL
233,9.214917778717467,39.86991719501029,1,2147.0758424411697,1,NORMAL
239,12.15695195454001,35.53219348256044,0,2905.5115171350626,1,NORMAL
229,13.773012181107715,52.86434240052388,0,3154.0197894736666,1,NORMAL
228,12.24112620454559,53.02522648833478,0,2790.9767746363946,1,NORMAL
211,11.23860083365906,76.75934758520586,1,2371.3447759020614,1,NORMAL
238,6.287281377014301,44.01167533334126,1,1496.3729677294036,1,NORMAL
235,9.715544588395668,68.08347136644964,0,2283.1529782729817,1,NORMAL
227,13.310835616720961,44.57931701112528,1,3021.5596849956582,1,NORMAL
218,11.363760862361936,57.44720838987122,1,2477.299867994902,1,NORMAL
228,10.72260293342039,56.58407451773671,0,2444.753468819849,1,NORMAL
210,10.06989774721197,49.51789477683174,0,2114.6785269145134,1,NORMAL
230,6.593393726862553,43.633334367862005,0,1516.4805571783872,1,NORMAL
233,9.61674529668035,66.74547823370017,1,2240.7016541265216,1,NORMAL
232,11.958410907327039,60.9392448922644,0,2774.3513304998733,1,NORMAL
238,7.308409875018357,34.768694248761285,1,1739.4015502543689,1,NORMAL
217,13.505119186671061,30.04687299281182,1,2930.6108635076203,1,NORMAL
212,10.836748069468767,36.20048631467489,0,2297.3905907273784,1,NORMAL
215,10.033001591939133,52.273255774586985,1,2157.0953422669136,1,NORMAL
214,6.552108341985607,77.00155035733411,0,1402.15118518492,1,NORMAL
237,7.256774859608299,73.81794214780112,0,1719.855641727167,1,NORMAL
216,5.933022847680167,52.28820338959656,1,1281.5329350989161,1,NORMAL
212,11.647971745195136,30.037008514960153,0,2469.3700099813686,1,NORMAL
224,7.8505471484395315,51.743138894636594,0,1758.522561250455,1,NORMAL
218,10.630419017409782,64.91272781974769,0,2317.4313457953326,1,NORMAL
214,6.313642794642302,50.360066574630466,1,1351.1195580534527,1,NORMAL
233,5.091282838617593,65.38549059260521,1,1186.268901397899,1,NORMAL
214,8.024513353548052,57.24158701982975,1,1717.245857659283,1,NORMAL
231,14.992380413041095,69.9033475099003,0,3463.239875412493,-1,ANOMALY
237,10.569251136715815,32.4677657465763,0,2504.9125194016483,1,NORMAL
211,8.933735336853385,55.06973339932101,0,1885.018156076064,1,NORMAL
237,12.765771219546217,49.84454806910442,0,3025.4877790324535,1,NORMAL
213,9.85802221391306,48.494871348004736,1,2099.758731563482,1,NORMAL
221,7.061245132122935,79.90360779787083,0,1560.5351741991688,1,NORMAL
227,13.858358611323112,42.82974582228729,1,3145.8474047703467,1,NORMAL
225,10.201655681004157,61.340537009652735,1,2295.372528225935,1,NORMAL
238,11.378930349198564,36.03022098693188,0,2708.1854231092584,1,NORMAL
226,9.08282048455192,43.23205649072175,1,2052.717429508734,1,NORMAL
229,9.985086734015484,53.298169033466436,1,2286.584862089546,1,NORMAL
220,8.014238945056256,56.97592539927267,0,1763.1325679123763,1,NORMAL
222,11.672451082463162,52.30243265434066,0,2591.284140306822,1,NORMAL
224,10.459416243170285,40.11822985694009,0,2342.909238470144,1,NORMAL
210,10.883713312644312,31.195457403679846,0,2285.5797956553056,1,NORMAL
233,10.905841880314107,38.17176984102906,1,2541.061158113187,1,NORMAL
222,6.828757368058264,59.45440450527788,1,1515.9841357089347,1,NORMAL
216,8.373428491998542,79.43470208902025,1,1808.660554271685,1,NORMAL
218,6.111167350283441,42.8877485675334,1,1332.2344823617902,1,NORMAL
232,8.847058543815015,73.89698446548545,0,2052.5175821650832,1,NORMAL
227,9.24363222629264,43.28985535582127,0,2098.3045153684293,1,NORMAL
218,14.346868849260035,67.33851477984246,0,3127.617409138688,1,NORMAL
234,9.392208794492742,61.64717292066398,1,2197.7768579113017,1,NORMAL
225,5.394861601049722,78.20841131078686,0,1213.8438602361873,1,NORMAL
233,12.451564706514613,73.166581575979,1,2901.214576617905,1,NORMAL
220,8.984619646272378,78.1007797551103,0,1976.6163221799231,1,NORMAL
221,6.241711583071913,48.90719067654959,0,1379.4182598588927,1,NORMAL
215,14.071778200559864,38.500022965617795,0,3025.432313120371,1,NORMAL
211,7.177835837647191,57.980430984846606,0,1514.5233617435572,1,NORMAL
212,12.888586221718905,60.46612277114153,0,2732.380279004408,1,NORMAL
217,9.27487312715991,34.97297810244751,1,2012.6474685937005,1,NORMAL
217,5.451469556834426,75.85874601252438,0,1182.9688938330705,1,NORMAL
219,12.707171415567768,67.15640482865685,1,2782.8705400093413,1,NORMAL
227,13.983193872860545,54.61864288921411,1,3174.1850091393435,1,NORMAL
215,6.504345802542854,75.48817071359127,1,1398.4343475467138,1,NORMAL
224,11.007082778272437,69.74833685187744,1,2465.586542333026,1,NORMAL
232,6.977416298279505,39.74497988508606,1,1618.760581200845,1,NORMAL
233,11.525997681410843,48.79150575993276,0,2685.5574597687264,1,NORMAL
228,8.124664294927456,70.7498018919022,0,1852.42345924346,1,NORMAL
210,8.691789502419068,70.71788377348528,1,1825.2757955080042,1,NORMAL
214,9.44464569951219,55.720004759314484,0,2021.1541796956087,1,NORMAL
232,8.766827344138465,54.723665986778094,1,2033.9039438401237,1,NORMAL
237,5.32123286145384,75.18420460133406,0,1261.1321881645601,-1,ANOMALY
223,12.941039375846868,68.8100611966725,0,2885.8517808138517,1,NORMAL
233,10.864815077505979,61.491758793917754,1,2531.501913058893,1,NORMAL
220,14.84403056656305,40.031653891426245,0,3265.686724643871,1,NORMAL
226,9.124789941034049,42.47242830449826,0,2062.202526673695,1,NORMAL
232,12.69155427073207,54.355265600949465,0,2944.44059080984,1,NORMAL
219,13.672949334574342,41.017244845754874,0,2994.375904271781,1,NORMAL
212,8.993414767901847,52.72712072447987,0,1906.6039307951914,1,NORMAL
238,10.127360850183106,35.37719008765679,0,2410.3118823435793,1,NORMAL
226,11.583284671136001,46.30211393874906,0,2617.822335676736,1,NORMAL
229,5.492803813037185,52.224015915859965,0,1257.8520731855153,1,NORMAL
220,9.295690428115577,31.124860621724583,1,2045.051894185427,1,NORMAL
238,5.834935064233781,38.64891156252427,1,1388.7145452876398,1,NORMAL
218,13.686258970210305,53.28241076824227,1,2983.6044555058465,1,NORMAL
235,8.895759299118158,77.27047545018226,0,2090.503435292767,1,NORMAL
229,12.929855705721545,65.21249389732344,1,2960.9369566102337,1,NORMAL
238,8.476438538096344,73.79332539330764,1,2017.39237206693,1,NORMAL
237,10.297755631099253,54.585223059447635,1,2440.568084570523,1,NORMAL
224,8.909397367046193,60.691119607305104,0,1995.705010218347,1,NORMAL
220,11.419794792621353,41.544239330407656,0,2512.354854376698,1,NORMAL
215,13.166264406312338,65.23724096196307,0,2830.7468473571525,1,NORMAL
230,13.815281073524082,31.19540960950757,0,3177.514646910539,1,NORMAL
214,9.529404552072558,40.19146702744861,1,2039.2925741435274,1,NORMAL
230,11.454401968629217,46.45294337709632,1,2634.5124527847197,1,NORMAL
240,13.123212490485722,69.87657810618373,1,3149.5709977165734,1,NORMAL
226,11.129412676702053,65.379545301673,0,2515.247264934664,1,NORMAL
223,11.887366481549892,76.18963015673131,0,2650.8827253856257,1,NORMAL
217,7.288919543533453,73.42880680542444,0,1581.6955409467594,1,NORMAL
216,8.205932095044005,73.85074147225134,1,1772.4813325295052,1,NORMAL
217,5.264270950148643,46.50844768339992,1,1142.3467961822555,1,NORMAL
225,5.696739397385624,33.54220272306253,1,1281.7663644117654,1,NORMAL
234,13.910902827845383,36.87442373546408,0,3255.1512617158196,1,NORMAL
222,7.772373805406147,35.19533180192454,1,1725.4669848001647,1,NORMAL
215,7.505002561485093,44.09011941189641,1,1613.575550719295,1,NORMAL
211,5.338598833643939,67.04606634824032,0,1126.4443538988712,-1,ANOMALY
237,6.772084234846557,54.92880161444028,1,1604.983963658634,1,NORMAL
238,12.107095395530857,69.84999053282769,1,2881.488704136344,1,NORMAL
230,13.903029218028898,32.30915339064624,1,3197.6967201466464,1,NORMAL
235,7.876406109664892,31.083179629892978,1,1850.9554357712495,1,NORMAL
221,12.731419282938692,78.04729126679118,1,2813.643661529451,1,NORMAL
218,5.412209358533654,67.88123653741832,0,1179.8616401603365,1,NORMAL
232,11.97736719369323,37.83650537501585,0,2778.7491889368293,1,NORMAL
214,8.249971432845074,78.89642945021717,1,1765.4938866288458,1,NORMAL
221,5.536237943115249,49.41230603733985,1,1223.50858542847,1,NORMAL
234,5.140972449178367,71.16213261267438,1,1202.987553107738,-1,ANOMALY
222,10.273768689932648,61.384183056578024,1,2280.7766491650477,1,NORMAL
235,11.403210048500146,34.42547489551865,1,2679.7543613975345,1,NORMAL
230,5.180726633625109,52.48096180757635,0,1191.5671257337751,1,NORMAL
231,10.62131943979546,53.40156286573409,1,2453.5247905927513,1,NORMAL
215,5.422682394851359,68.71768465205528,1,1165.8767148930422,1,NORMAL
215,10.508752173951006,44.51023125937633,0,2259.381717399466,1,NORMAL
220,10.967712746241883,74.38680451206005,1,2412.896804173214,1,NORMAL
236,6.435495073292986,56.22926679154625,1,1518.7768372971448,1,NORMAL
211,12.676008068523021,63.02595294086848,1,2674.6377024583576,1,NORMAL
229,7.584919701070898,35.93245346691673,0,1736.9466115452358,1,NORMAL
232,7.733921675872924,38.04570317519674,0,1794.2698288025185,1,NORMAL
219,13.57087198352981,45.139645566543514,1,2972.0209643930284,1,NORMAL
238,11.640611616289746,37.69891289285412,0,2770.4655646769597,1,NORMAL
230,12.081216926692433,55.220075679582266,1,2778.6798931392595,1,NORMAL
239,9.641670003824553,51.22124515877658,0,2304.359130914068,1,NORMAL
235,8.850885970600968,43.7593057404938,0,2079.9582030912275,1,NORMAL
227,6.186458557232811,35.70597088406643,1,1404.3260924918482,1,NORMAL
228,12.650269199256062,40.49388846964739,0,2884.2613774303823,1,NORMAL
224,13.502298640881428,62.45056990490799,0,3024.5148955574396,1,NORMAL
239,6.389148433715807,40.70167344632776,1,1527.0064756580778,1,NORMAL
232,14.740449006460382,47.01080850716528,0,3419.7841694988088,1,NORMAL
218,9.375301372946836,73.32592922391191,0,2043.8156993024104,1,NORMAL
228,8.36235589327023,39.420610792726784,1,1906.6171436656125,1,NORMAL
221,8.435859027917505,54.51459845601567,1,1864.3248451697687,1,NORMAL
239,10.145716829566503,61.397456022767415,0,2424.826322266394,1,NORMAL
213,9.046716414517025,71.08216183641426,1,1926.9505962921264,1,NORMAL
228,11.354645658655901,32.30821781380118,0,2588.8592101735453,1,NORMAL
230,11.927011443150821,41.421282494047034,1,2743.212631924689,1,NORMAL
217,5.396870195196962,40.46264365249708,1,1171.120832357741,1,NORMAL
234,12.29222384466089,58.387482421293754,0,2876.3803796506486,1,NORMAL
232,5.616695708895694,54.09573183746302,0,1303.0734044638011,1,NORMAL
231,14.356510256379567,56.934816598485824,1,3316.35386922368,1,NORMAL
228,14.787995672638445,67.47162125156544,1,3371.6630133615654,1,NORMAL
233,10.058458388139618,69.04046845301517,1,2343.620804436531,1,NORMAL
236,9.742540749491258,38.164569424787814,0,2299.239616879937,1,NORMAL
212,11.713043016249436,44.18120106131767,1,2483.1651194448805,1,NORMAL
240,13.503405179047544,58.07355243953094,0,3240.8172429714105,1,NORMAL
240,12.316364608614805,66.91294916014641,0,2955.927506067553,1,NORMAL
226,6.707283696736748,42.796044172807534,0,1515.846115462505,1,NORMAL
210,11.0105611596586,45.59526807265397,1,2312.217843528306,1,NORMAL
231,7.137602849377195,46.89950247086876,1,1648.786258206132,1,NORMAL
227,9.857259565210068,36.071533650883524,0,2237.5979213026853,1,NORMAL
237,9.510450106379032,63.72012898564316,0,2253.9766752118308,1,NORMAL
235,13.343558154074397,69.29656058818759,0,3135.7361662074836,1,NORMAL
238,11.561167308294557,47.77148083490383,1,2751.557819374105,1,NORMAL
218,12.427444707359516,48.80180264247388,1,2709.1829462043747,1,NORMAL
212,5.974428754714598,72.89263139729074,0,1266.5788959994948,1,NORMAL
211,9.713410893088522,48.80390251323904,0,2049.529698441678,1,NORMAL
210,13.782641398745314,48.76592862928704,0,2894.354693736516,1,NORMAL
216,12.136155136692992,42.46512019674063,1,2621.409509525686,1,NORMAL
223,9.836631485087059,65.86947794716083,0,2193.568821174414,1,NORMAL
238,5.063034444031521,72.05938308465741,0,1205.002197679502,-1,ANOMALY
228,6.08614010871516,50.271151081855834,1,1387.6399447870565,1,NORMAL
222,5.895479357246552,72.6198769904321,0,1308.7964173087346,1,NORMAL
216,7.824339691458927,50.06609987697375,1,1690.0573733551282,1,NORMAL
213,5.5033409564867375,55.83854391366185,1,1172.211623731675,1,NORMAL
213,9.985245385040791,40.50851316544904,1,2126.8572670136887,1,NORMAL
212,6.0837608654760755,53.59827220637865,1,1289.757303480928,1,NORMAL
216,13.89702566667833,59.3627488699507,1,3001.7575440025194,1,NORMAL
214,10.95594931864723,31.911528381689493,0,2344.573154190507,1,NORMAL
237,9.861509629140635,49.50209361123021,0,2337.1777821063306,1,NORMAL
232,12.850576991831627,60.01772166778382,0,2981.3338621049375,1,NORMAL
212,14.281089010544544,75.91683452727713,0,3027.5908702354436,1,NORMAL
236,11.449585174556562,59.845033929437264,1,2702.1021011953485,1,NORMAL
239,5.487065826249141,77.22126765884794,0,1311.408732473545,-1,ANOMALY
233,14.590624091486982,77.5902163137597,0,3399.615413316467,-1,ANOMALY
214,13.070748121406762,64.49736493496165,0,2797.140097981047,1,NORMAL
232,11.667476703215254,69.31068821475404,1,2706.8545951459387,1,NORMAL
237,5.1940906514681675,72.68342674928721,1,1230.9994843979557,-1,ANOMALY
219,14.51805592216624,61.295023441917934,0,3179.4542469544067,1,NORMAL
225,7.687311858149437,65.38799437963002,1,1729.6451680836233,1,NORMAL
233,5.47535353833517,55.75420978272442,0,1275.7573744320946,1,NORMAL
232,11.339921165681538,32.340930781603326,0,2630.861710438117,1,NORMAL
231,12.710730485561452,60.49288786759632,1,2936.1787421646954,1,NORMAL
212,11.146900060962503,74.74888170140582,0,2363.1428129240508,1,NORMAL
234,5.584336123315822,67.0415478120702,1,1306.7346528559024,1,NORMAL
236,13.953914830375965,54.54912684221871,0,3293.1238999687275,1,NORMAL
214,7.710720363215167,56.271171878079265,0,1650.0941577280457,1,NORMAL
217,13.799314326344659,70.8302557171385,0,2994.4512088167908,1,NORMAL
210,14.750434228930665,75.86137780394776,0,3097.5911880754397,-1,ANOMALY
218,11.20312373172753,75.38035183783109,1,2442.2809735166015,1,NORMAL
229,12.28290596858649,37.53030166877718,1,2812.7854668063064,1,NORMAL
224,6.2843591877968095,54.40080869619577,1,1407.6964580664853,1,NORMAL
237,7.23882594349404,68.96645536615658,0,1715.6017486080873,1,NORMAL
228,12.711127311222429,53.37578855807452,0,2898.1370269587137,1,NORMAL
229,10.19267040559243,71.57892476007247,0,2334.1215228806664,1,NORMAL
215,14.332816551445891,61.1132744176112,1,3081.5555585608668,1,NORMAL
229,7.806230546909662,46.55608691193933,0,1787.6267952423125,1,NORMAL
210,12.367011160330213,34.037224212691,0,2597.0723436693447,1,NORMAL
212,8.42280194637507,43.766078312896454,0,1785.634012631515,1,NORMAL
230,11.276595501789227,46.85776690160501,0,2593.6169654115224,1,NORMAL
235,7.937600864902796,34.54556359119077,0,1865.336203252157,1,NORMAL
212,12.527471316587986,39.44694280569358,0,2655.823919116653,1,NORMAL
220,7.945605344484226,75.41697997971116,1,1748.0331757865297,1,NORMAL
240,10.916226288002335,34.8430631984353,0,2619.89430912056,1,NORMAL
220,12.95733178329441,61.581071969224325,1,2850.6129923247704,1,NORMAL
217,5.7448648941792975,72.23903202993787,1,1246.6356820369076,1,NORMAL
225,6.425128147450262,58.40807187230472,1,1445.6538331763088,1,NORMAL
236,12.74958616396634,78.76505108245722,0,3008.902334696056,1,NORMAL
219,12.604894676373807,35.10135244081218,1,2760.4719341258638,1,NORMAL
215,5.9125654683507864,53.65046730727983,1,1271.201575695419,1,NORMAL
219,12.599007110672739,72.50769377949763,1,2759.18255723733,1,NORMAL
211,9.21711931868155,60.78122030416932,0,1944.8121762418073,1,NORMAL
224,7.161336569539457,73.26592056326209,1,1604.1393915768383,1,NORMAL
227,10.58017007120868,75.11080783407643,1,2401.6986061643706,1,NORMAL
236,8.745101148201904,61.29572197263714,1,2063.843870975649,1,NORMAL
229,7.704541411839423,62.78153461207033,1,1764.3399833112278,1,NORMAL
237,13.068936957818204,46.466727927514285,0,3097.338059002914,1,NORMAL
230,9.646758584056853,74.50257138300049,0,2218.7544743330764,1,NORMAL
223,7.718562983097629,76.68158943459063,1,1721.2395452307712,1,NORMAL
228,5.624548186082725,75.92875817425437,0,1282.3969864268613,1,NORMAL
215,7.684999230994208,33.58192282221945,1,1652.2748346637547,1,NORMAL
222,7.844119385778781,44.663817060595875,1,1741.3945036428895,1,NORMAL
232,9.39140172010608,50.23507660206746,1,2178.8051990646104,1,NORMAL
222,13.046733707192121,64.10710522521882,1,2896.3748829966507,1,NORMAL
219,14.296915450959213,44.4673247058022,1,3131.0244837600676,1,NORMAL
233,12.542558372278176,40.77388643780399,0,2922.416100740815,1,NORMAL
234,13.334745466648428,61.79192956074148,0,3120.330439195732,1,NORMAL
226,6.062643319874514,53.379147477240274,1,1370.1573902916402,1,NORMAL
214,5.640967643818026,32.4119988830542,1,1207.1670757770576,1,NORMAL
211,11.206011349295117,60.51559136475561,1,2364.46839470127,1,NORMAL
226,14.344004811566736,37.24063065745935,1,3241.7450874140823,1,NORMAL
218,11.10938549723462,65.7237111707428,0,2421.846038397147,1,NORMAL
217,8.627481054634021,48.518016260444924,0,1872.1633888555825,1,NORMAL
221,11.067963687334457,73.75122082739256,1,2446.019974900915,1,NORMAL
226,10.693516851754927,68.58844517034495,0,2416.7348084966134,1,NORMAL
233,13.643602049801004,39.98526205043299,1,3178.959277603634,1,NORMAL
227,6.5642139474922,61.52402999254126,0,1490.0765660807294,1,NORMAL
235,10.92597203344313,61.81138003686634,0,2567.6034278591355,1,NORMAL
225,7.665798917882812,46.65536659993508,0,1724.8047565236327,1,NORMAL
237,11.395410632089442,76.45081796646375,0,2700.7123198051977,1,NORMAL
222,5.448778760745151,79.4473938911932,0,1209.6288848854235,1,NORMAL
210,13.49667565508632,31.22910381950622,0,2834.301887568127,-1,ANOMALY
224,10.187912783873616,59.40509231049643,0,2282.09246358769,1,NORMAL
214,8.490370941340254,39.93087313790573,0,1816.9393814468144,1,NORMAL
236,14.719424740038837,38.66350860731527,1,3473.7842386491657,-1,ANOMALY
239,11.326825744713416,44.20507589309531,0,2707.1113529865065,1,NORMAL
222,13.561387600504256,31.3960569703556,1,3010.628047311945,1,NORMAL
223,11.41354482255074,72.41801629866897,1,2545.220495428815,1,NORMAL
210,11.437602106460213,58.63230601984948,1,2401.896442356645,1,NORMAL
238,11.909762709489957,76.77735049615163,1,2834.52352485861,1,NORMAL
217,14.445798356348712,74.31460230309479,0,3134.7382433276707,1,NORMAL
219,13.947831401058075,70.91238937067538,0,3054.5750768317184,1,NORMAL
227,6.2848621760746735,74.55194657196193,0,1426.6637139689508,1,NORMAL
222,5.719372278506337,41.40609085483938,1,1269.7006458284068,1,NORMAL
237,13.628342300429034,68.67186355537365,1,3229.9171252016813,1,NORMAL
230,6.1197452901061915,34.781958321012155,1,1407.5414167244242,1,NORMAL
214,13.121375697505876,34.82267564066874,0,2807.9743992662575,1,NORMAL
222,9.912513699033987,68.75591658813227,1,2200.578041185545,1,NORMAL
237,14.409631304669508,76.01805630496727,1,3415.0826192066734,-1,ANOMALY
234,11.283047411855648,75.03309474618163,0,2640.2330943742218,1,NORMAL
227,9.147654534426572,57.490306209556394,1,2076.517579314832,1,NORMAL
222,5.742865581055736,30.274952147698958,0,1274.9161589943735,1,NORMAL
215,11.00304039988037,54.51272466150458,1,2365.6536859742796,1,NORMAL
211,11.527696614928187,75.64500854897318,1,2432.3439857498474,1,NORMAL
212,9.83472189291618,79.65386241642561,1,2084.96104129823,1,NORMAL
229,12.316862665410286,58.69642701901236,1,2820.5615503789554,1,NORMAL
228,6.859604798200797,72.86634558496746,0,1563.9898939897816,1,NORMAL
224,7.011134669041113,32.17053641151725,1,1570.4941658652094,1,NORMAL
227,11.690946059242577,34.54356693444405,0,2653.844755448065,1,NORMAL
237,11.28083814106025,32.10424031801071,1,2673.5586394312795,1,NORMAL
228,6.180747354291235,76.89120016568181,1,1409.2103967784014,1,NORMAL
237,5.412443191745902,60.48140961610699,0,1282.7490364437788,1,NORMAL
217,9.567000124716959,35.60237227992138,1,2076.03902706358,1,NORMAL
219,11.997079233276688,76.76588255145256,0,2627.3603520875945,1,NORMAL
238,8.806873355810726,43.9547789814019,0,2096.035858682953,1,NORMAL
217,12.801045740062312,70.75911545646423,1,2777.8269255935215,1,NORMAL
240,11.160963873848644,54.814287398614454,1,2678.6313297236748,1,NORMAL
230,14.970735873911062,77.85163670047166,0,3443.269250999544,-1,ANOMALY
233,8.276641439318897,77.44554716837594,0,1928.4574553613031,1,NORMAL
235,10.711852387722276,76.70010101455304,1,2517.2853111147347,1,NORMAL
231,11.389828226314718,72.01883562522151,1,2631.0503202787,1,NORMAL
211,6.973686432882675,59.628995696984305,0,1471.4478373382444,1,NORMAL
231,7.133345484029,55.60254141746229,0,1647.8028068106992,1,NORMAL
216,6.196567463293211,50.50299815444547,0,1338.4585720713335,1,NORMAL
217,8.665780271187977,55.20804427024536,0,1880.474318847791,1,NORMAL
239,13.027053216898546,77.00187583363908,0,3113.4657188387523,1,NORMAL
226,14.439805023831905,46.91722119114651,0,3263.3959353860105,1,NORMAL
221,5.135516851629553,35.257816925631026,1,1134.9492242101312,1,NORMAL
233,5.351136512747524,47.24887081779161,1,1246.814807470173,1,NORMAL
236,6.313581767880611,39.45352536154107,1,1490.0052972198241,1,NORMAL
225,11.866512155963745,36.63233202700002,1,2669.9652350918427,1,NORMAL
219,12.915380680652547,32.345271984326864,0,2828.4683690629076,1,NORMAL
230,6.739246771875139,40.64772014232658,1,1550.026757531282,1,NORMAL
226,6.917055990432303,78.49036678772644,0,1563.2546538377005,1,NORMAL
217,11.912678269402166,45.821563162471605,1,2585.05118446027,1,NORMAL
217,11.180268459613735,51.294684382236454,0,2426.118255736181,1,NORMAL
225,5.967157473233672,37.916795481895356,1,1342.6104314775762,1,NORMAL
228,7.452678361728438,47.65624287217322,1,1699.2106664740838,1,NORMAL
229,7.717911911623546,43.74772739235722,1,1767.4018277617922,1,NORMAL
234,6.455366428871042,55.46123191661282,0,1510.555744355824,1,NORMAL
217,12.84527033344021,55.47186345856659,0,2787.4236623565257,1,NORMAL
240,8.454351469056496,63.91276662796425,0,2029.044352573559,1,NORMAL
232,8.81173366972074,55.288198649285334,1,2044.3222113752115,1,NORMAL
229,8.832606581864805,60.05497149811414,1,2022.6669072470404,1,NORMAL
237,11.221918629859708,51.699710672065216,1,2659.594715276751,1,NORMAL
230,8.136771748933118,55.76184583349496,0,1871.457502254617,1,NORMAL
231,12.827548092627717,37.17071334580484,1,2963.163609397003,1,NORMAL
235,10.769707383521919,57.36988485173286,1,2530.881235127651,1,NORMAL
224,7.116278483108878,38.37262813299128,1,1594.0463802163886,1,NORMAL
216,12.463151091009784,46.00851614537813,0,2692.0406356581134,1,NORMAL
235,8.319698652403904,37.88360801725503,1,1955.1291833149176,1,NORMAL
230,13.312476093239463,35.41339030927127,0,3061.8695014450764,1,NORMAL
238,13.424361558417662,30.39427911329814,1,3194.9980509034035,-1,ANOMALY
210,12.817347860370974,47.10545333856582,0,2691.6430506779047,1,NORMAL
234,14.38114676014178,36.30329921529745,1,3365.1883418731763,1,NORMAL
218,11.349264637778148,62.805380192428146,1,2474.139691035636,1,NORMAL
210,9.692749266028088,30.64078055983561,1,2035.4773458658983,-1,ANOMALY
218,7.539667730278757,78.48499750657234,1,1643.6475652007691,1,NORMAL
224,6.384836286530664,59.948841193983796,0,1430.2033281828687,1,NORMAL
214,9.879604676090729,70.76416573298175,1,2114.235400683416,1,NORMAL
211,12.138246703344647,38.55446568611099,0,2561.1700544057207,1,NORMAL
220,5.259612110656837,55.979538223566145,1,1157.1146643445043,1,NORMAL
221,9.114695004316093,75.65295828861584,0,2014.3475959538566,1,NORMAL
232,11.89444579375642,67.55317896098731,0,2759.5114241514893,1,NORMAL
236,6.2606952532473334,35.50002628598638,1,1477.5240797663707,1,NORMAL
238,5.460732688113711,64.0072783331875,0,1299.6543797710633,1,NORMAL
219,8.519805554954257,33.887872286651294,0,1865.8374165349821,1,NORMAL
227,13.482239315734455,75.74191653833174,0,3060.4683246717213,1,NORMAL
227,9.977279933115902,62.92213277120605,0,2264.8425448173098,1,NORMAL
226,13.291975432071974,78.28132414980107,0,3003.986447648266,1,NORMAL
224,10.33698220261602,73.98397452888369,1,2315.484013385989,1,NORMAL
223,13.38311968163346,49.66687651298502,1,2984.4356890042613,1,NORMAL
226,11.713042664759707,38.65318242225419,1,2647.1476422356936,1,NORMAL
210,7.094373020527291,32.95325239571235,0,1489.8183343107312,1,NORMAL
224,8.931909962385369,74.14729256357533,0,2000.7478315743226,1,NORMAL
210,5.210208592002697,57.94278610801066,1,1094.1438043205665,-1,ANOMALY
214,12.786138725265374,52.960514081200735,1,2736.23368720679,1,NORMAL
215,11.434801739865641,57.30624232578338,1,2458.4823740711126,1,NORMAL
217,6.5060759368857966,41.17987365430342,1,1411.818478304218,1,NORMAL
212,14.948759010070102,73.97408291241194,1,3169.1369101348614,-1,ANOMALY
235,6.8142580977277225,57.85062022760996,1,1601.3506529660149,1,NORMAL
237,13.401235350376187,46.46277135540714,0,3176.092778039156,1,NORMAL
212,5.648283943433629,79.64711222024917,0,1197.4361960079293,-1,ANOMALY
237,6.969675279710739,36.09594345345459,0,1651.813041291445,1,NORMAL
239,13.891776133132051,73.03887826296867,0,3320.1344958185605,1,NORMAL
215,14.214797807001666,55.29551724011465,0,3056.181528505358,1,NORMAL
221,5.880749098088366,60.50383446193874,0,1299.6455506775287,1,NORMAL
228,10.704412001591503,63.217274410767075,1,2440.605936362863,1,NORMAL
224,14.312354395885077,79.95779643607187,0,3205.967384678257,1,NORMAL
236,8.695497505139109,78.0574162677978,0,2052.1374112128296,1,NORMAL
219,13.040529790129227,33.52262102292949,0,2855.876024038301,1,NORMAL
237,14.16995726184504,72.11941470210502,1,3358.2798710572747,1,NORMAL
222,6.366493322506833,59.269377612961975,0,1413.361517596517,1,NORMAL
239,7.998431697583199,57.8214024919877,1,1911.6251757223847,1,NORMAL
212,6.186550271344757,47.097457550248706,1,1311.5486575250884,1,NORMAL
220,14.998584206697483,51.03413731488922,0,3299.688525473446,1,NORMAL
226,13.089837903335031,76.19645979382122,0,2958.303366153717,1,NORMAL
212,5.22587203577329,55.1334257568504,0,1107.8848715839374,-1,ANOMALY
228,7.633483769402238,44.36761818189152,0,1740.4342994237102,1,NORMAL
237,14.278948861543284,48.017414861082074,0,3384.1108801857586,1,NORMAL
233,8.795143756567288,38.56363181574618,0,2049.2684952801783,1,NORMAL
211,14.197970602259003,44.80196549658022,0,2995.77179707665,1,NORMAL
240,13.676254792012612,39.641042580318924,0,3282.301150083027,1,NORMAL
214,7.162974672803266,36.979509320873554,0,1532.876579979899,1,NORMAL
229,8.55726653605155,79.0826784304745,0,1959.614036755805,1,NORMAL
216,12.08641262801422,61.77518339274549,1,2610.6651276510715,1,NORMAL
224,11.751626915408924,64.09297907420753,1,2632.364429051599,1,NORMAL
230,11.528993152324867,73.7948491432888,0,2651.6684250347193,1,NORMAL
237,8.419509057086305,58.07505762094557,1,1995.4236465294543,1,NORMAL
211,8.147579791698867,77.51678823581742,1,1719.1393360484608,1,NORMAL
215,6.526438808594821,43.89281644157757,1,1403.1843438478866,1,NORMAL
210,14.509848307311788,51.55168945993124,0,3047.0681445354758,1,NORMAL
230,14.37235250703904,65.52284832740747,0,3305.6410766189792,1,NORMAL
224,9.592960640749713,53.87504267681986,1,2148.8231835279357,1,NORMAL
218,12.98955639541849,44.41697652476782,0,2831.7232942012306,1,NORMAL
232,5.424495219214868,31.50369280916577,0,1258.4828908578493,1,NORMAL
211,14.846415228829242,62.76218541150751,0,3132.59361328297,1,NORMAL
222,14.723729795054846,66.41255632203192,0,3268.6680145021755,1,NORMAL
211,11.298642107189739,59.83114083846375,1,2384.013484617035,1,NORMAL
232,14.256705522551261,57.312191915241016,0,3307.555681231893,1,NORMAL
237,12.964875641781138,33.634246297064344,0,3072.6755271021298,1,NORMAL
219,14.991743579907414,38.08014392771391,1,3283.191843999724,-1,ANOMALY
216,11.785968986181075,57.360962486838616,0,2545.7693010151124,1,NORMAL
210,12.557181785675043,34.02343381747115,0,2637.008174991759,1,NORMAL
217,12.08476241396276,65.20137823860082,0,2622.393443829919,1,NORMAL
238,13.694056633552158,45.42150780358094,0,3259.1854787854136,1,NORMAL
230,12.273362989897135,32.60534926660139,0,2822.873487676341,1,NORMAL
228,6.586780735336316,77.38273834883799,1,1501.78600765668,1,NORMAL
221,5.919512019158589,60.19401851455766,0,1308.212156234048,1,NORMAL
216,7.542013986342205,53.15036778435086,1,1629.0750210499164,1,NORMAL
213,11.069591057506628,77.06307516214237,0,2357.8228952489117,1,NORMAL
210,13.915117326760996,62.206838761728974,0,2922.1746386198092,1,NORMAL
236,9.314250585933472,78.00284338680058,0,2198.1631382802993,1,NORMAL
218,6.459606822020929,71.00294277732067,1,1408.1942872005625,1,NORMAL
214,10.416167925178073,53.366334724236886,0,2229.0599359881076,1,NORMAL
237,8.101592626832637,61.860640974700374,1,1920.0774525593351,1,NORMAL
225,7.042033827862232,32.390999909167455,1,1584.4576112690022,1,NORMAL
231,5.559138773248784,59.50776922168548,0,1284.161056620469,1,NORMAL
211,11.57076177302511,43.728429562569794,1,2441.430734108298,1,NORMAL
221,5.652137702118056,44.488136178531704,0,1249.1224321680904,1,NORMAL
214,11.628492426961504,59.22690672946747,0,2488.497379369762,1,NORMAL
219,14.032285804714016,54.08018020053737,1,3073.0705912323697,1,NORMAL
234,8.63686646127314,32.40118829021403,1,2021.0267519379147,1,NORMAL
236,12.317120285825176,74.91494585394757,1,2906.8403874547416,1,NORMAL
238,7.945640577721745,63.664828595936484,1,1891.0624574977753,1,NORMAL
222,7.915523570882058,54.675736094475624,0,1757.2462327358169,1,NORMAL
212,10.393361724081391,30.4809086746273,0,2203.392685505255,1,NORMAL
228,12.785664668591068,43.85989109162232,0,2915.1315444387633,1,NORMAL
229,13.771116117051426,65.04631404868931,1,3153.5855908047765,1,NORMAL
223,13.211755654943714,65.18242733606249,1,2946.221511052448,1,NORMAL
212,14.472751899605461,60.22074812166582,0,3068.2234027163577,1,NORMAL
231,11.859948603008519,42.68196420026453,0,2739.6481272949677,1,NORMAL
213,5.369952245466468,64.65474426891663,1,1143.7998282843578,1,NORMAL
212,12.91189616569215,34.19771443773975,0,2737.321987126736,1,NORMAL
224,7.52794819716073,30.0161617688798,1,1686.2603961640034,1,NORMAL
237,12.278280912412578,48.55134520948681,1,2909.952576241781,1,NORMAL
217,14.151181438345986,36.33890362488082,0,3070.806372121079,1,NORMAL
230,13.4818164781638,72.6784165812006,1,3100.8177899776742,1,NORMAL
228,13.458915009250262,35.92204309306441,1,3068.63262210906,1,NORMAL
212,9.346306948406847,54.19804782466041,1,1981.4170730622516,1,NORMAL
237,5.877094962430575,40.37322992246594,1,1392.8715060960462,1,NORMAL
227,10.305854362995003,75.15976745969601,1,2339.4289403998655,1,NORMAL
238,6.754988813010653,40.121509870496794,0,1607.6873374965353,1,NORMAL
239,9.93328077473075,76.07344343887871,0,2374.054105160649,1,NORMAL
222,14.268311257943235,36.816780080607685,1,3167.565099263398,1,NORMAL
212,14.570926365558744,66.68417037367468,0,3089.036389498454,1,NORMAL
217,8.632684372990171,74.93680956771962,1,1873.2925089388673,1,NORMAL
214,14.050422397931266,72.91543334381454,0,3006.790393157291,1,NORMAL
216,7.563656121177665,59.587591813800344,1,1633.7497221743756,1,NORMAL
218,7.133500046397707,71.62782933146615,0,1555.1030101147,1,NORMAL
213,9.230302819191337,38.35778492967108,0,1966.0545004877547,1,NORMAL
236,8.18420068161982,70.15611935832786,1,1931.4713608622776,1,NORMAL
220,8.416105991300448,42.21712165026155,1,1851.5433180860985,1,NORMAL
233,10.98477155467685,58.876078309581914,0,2559.4517722397063,1,NORMAL
236,5.34224098931226,33.98752405726239,1,1260.7688734776934,-1,ANOMALY
227,5.162860745913424,43.73184827130744,1,1171.969389322347,1,NORMAL
210,10.221484265980404,78.50246619095047,1,2146.5116958558847,1,NORMAL
215,10.831424767076818,62.45057968137713,1,2328.756324921516,1,NORMAL
229,12.742360630804608,30.22022835633023,1,2918.000584454255,1,NORMAL
225,6.130093611042717,32.7506486925778,0,1379.2710624846113,1,NORMAL
224,9.026346144543611,48.250737423199865,1,2021.901536377769,1,NORMAL
232,7.7415400596769555,75.22880051202387,0,1796.0372938450537,1,NORMAL
223,13.30096305111189,44.860803400184324,0,2966.114760397951,1,NORMAL
233,9.607191852682543,59.940149580297344,1,2238.4757016750327,1,NORMAL
233,12.736957185151796,50.43818648810938,1,2967.7110241403684,1,NORMAL
235,14.354411187884942,44.85812852153188,0,3373.2866291529613,1,NORMAL
225,13.735212329957772,60.21896899353804,0,3090.4227742404987,1,NORMAL
233,11.507768742542929,76.59407137593024,1,2681.3101170125024,1,NORMAL
228,12.146081531284677,45.482186297686546,1,2769.3065891329065,1,NORMAL
215,14.75874680239299,33.032992532197746,1,3173.130562514493,-1,ANOMALY
211,8.159082977279814,49.253140994517125,1,1721.5665082060407,1,NORMAL
215,8.298379482319584,79.2723551182904,1,1784.1515886987106,1,NORMAL
228,12.57608234101604,69.9404486376375,1,2867.346773751657,1,NORMAL
236,12.076565318210756,59.28406194165465,0,2850.0694150977383,1,NORMAL
240,12.390504259908042,66.50331256555285,0,2973.7210223779302,1,NORMAL
233,7.012730919041665,75.11783138551976,1,1633.966304136708,1,NORMAL
211,12.581922398238646,52.923945220359066,1,2654.7856260283543,1,NORMAL
222,5.754539010851639,46.42148984504681,1,1277.5076604090639,1,NORMAL
210,11.060537704202405,75.45031175685223,1,2322.712917882505,1,NORMAL
239,13.985000723289044,39.642572482920954,0,3342.4151728660813,1,NORMAL
211,9.63706995223537,44.63171609497641,1,2033.4217599216631,1,NORMAL
227,7.208646968902439,70.36210435806476,0,1636.3628619408537,1,NORMAL
221,14.824133760982821,50.18018780670543,0,3276.1335611772033,1,NORMAL
235,8.121952609460013,59.25537946151765,1,1908.6588632231033,1,NORMAL
217,7.28444774734461,36.65715884601861,0,1580.7251611737804,1,NORMAL
235,6.002558021030157,76.96264252911325,0,1410.601134942087,1,NORMAL
234,6.240107897503281,51.08931944903293,0,1460.1852480157677,1,NORMAL
224,11.919060649918631,68.3496680602679,1,2669.869585581773,1,NORMAL
218,12.525646073149037,58.15701453395293,0,2730.59084394649,1,NORMAL
238,11.428279411180942,71.19335090183164,1,2719.930499861064,1,NORMAL
224,10.436087690983001,61.0917712673897,1,2337.6836427801923,1,NORMAL
229,7.49273839043961,34.97538558082199,0,1715.8370914106706,1,NORMAL
219,12.356445289413148,66.83548782271743,1,2706.0615183814793,1,NORMAL
218,14.73586722148504,31.406679896720174,0,3212.419054283739,-1,ANOMALY
214,14.323035410258132,73.44432200894609,1,3065.1295777952405,1,NORMAL
213,7.935007823990717,41.02811205238571,1,1690.1566665100227,1,NORMAL
217,13.510850773867947,39.955171384468294,1,2931.8546179293444,1,NORMAL
229,7.357060147158458,50.3145634610879,0,1684.766773699287,1,NORMAL
213,8.943071689644432,31.48513476567277,1,1904.874269894264,1,NORMAL
225,5.758994970647242,60.17640759138812,0,1295.7738683956295,1,NORMAL
228,7.2392247906010585,42.05618829155311,1,1650.5432522570413,1,NORMAL
223,14.170309170819799,56.14467859597724,1,3159.978945092815,1,NORMAL
212,13.657480394776393,64.37349402626421,1,2895.3858436925952,1,NORMAL
216,7.652162233600956,53.75887944261671,1,1652.8670424578065,1,NORMAL
212,5.343503608499903,70.32531486281022,1,1132.8227650019794,-1,ANOMALY
237,12.14591743901483,67.04542401660906,1,2878.582433046515,1,NORMAL
211,9.442385851887009,57.06413901963248,1,1992.343414748159,1,NORMAL
210,6.734537970092861,71.7712272467492,1,1414.2529737195007,1,NORMAL
217,14.033712149779955,62.293375244959364,0,3045.3155365022503,1,NORMAL
240,13.01783071579178,43.88633765095783,0,3124.279371790027,1,NORMAL
233,14.622186860192183,62.20117388017414,0,3406.969538424779,1,NORMAL
225,9.543557816020709,78.85098050972452,0,2147.3005086046596,1,NORMAL
221,8.359371167656317,59.13249074851363,0,1847.421028052046,1,NORMAL
221,5.571717562063094,54.513924820564014,0,1231.3495812159438,1,NORMAL
221,13.300446595019869,63.96974683851538,0,2939.398697499391,1,NORMAL
235,10.529613972955868,49.77113218031604,1,2474.459283644629,1,NORMAL
225,5.277929465854213,38.42181831464187,1,1187.534129817198,1,NORMAL
228,10.55335896549444,33.490029848825785,1,2406.165844132732,1,NORMAL
229,5.3198014087922445,75.44034059514337,1,1218.234522613424,1,NORMAL
211,13.57289111988467,63.964990531393674,1,2863.880026295665,1,NORMAL
217,10.084491893691656,62.33804887282597,0,2188.334740931089,1,NORMAL
221,14.458447235531299,71.24777137290533,0,3195.316839052417,1,NORMAL
213,8.678167039456179,70.90027712706691,0,1848.4495794041661,1,NORMAL
213,14.393315645120136,71.32085193369306,0,3065.776232410589,1,NORMAL
226,9.894256010706952,54.51032818395688,1,2236.1018584197714,1,NORMAL
214,11.718077289003249,60.562890744352686,0,2507.6685398466952,1,NORMAL
225,12.767193879044841,60.92357302439078,1,2872.6186227850894,1,NORMAL
213,5.691149991089813,45.968611902950144,1,1212.2149481021302,1,NORMAL
233,14.502514693791767,37.617816764411764,1,3379.0859236534816,1,NORMAL
212,5.011348262717994,44.99468202115274,0,1062.4058316962148,-1,ANOMALY
237,12.413706657206928,79.41473617297702,1,2942.048477758042,1,NORMAL
238,9.685631884538422,35.21559229538611,1,2305.1803885201443,1,NORMAL
238,14.489751570451801,31.77302266435739,1,3448.560873767529,-1,ANOMALY
214,8.116037511102219,61.420904982935824,0,1736.8320273758748,1,NORMAL
227,8.540873852169186,32.01551563237406,1,1938.7783644424053,1,NORMAL
223,5.090838337029357,41.096457309821865,0,1135.2569491575466,1,NORMAL
237,6.3511109799934875,51.613687508502515,0,1505.2133022584565,1,NORMAL
221,10.044873766225246,58.498379506672904,0,2219.9171023357794,1,NORMAL
236,11.069115847035764,36.509091772417804,0,2612.3113399004405,1,NORMAL
235,12.445896745228959,37.36766756119028,1,2924.7857351288053,1,NORMAL
229,13.636353265321326,43.11726921734497,1,3122.7248977585837,1,NORMAL
215,5.256441343175,60.46782871087949,1,1130.134888782625,1,NORMAL
234,6.6484866083368885,60.74541306874955,1,1555.7458663508319,1,NORMAL
213,14.61498093717442,45.2392265532387,1,3112.9909396181515,1,NORMAL
223,13.31977552088382,32.600394063805886,1,2970.3099411570915,1,NORMAL
240,13.018306598138594,47.407611308632546,1,3124.3935835532625,1,NORMAL
232,12.55123320754845,70.81574214679029,1,2911.88610415124,1,NORMAL
226,11.807063715152424,57.119640782385886,0,2668.396399624448,1,NORMAL
238,9.01477923688761,31.654569894647167,1,2145.5174583792514,-1,ANOMALY
219,6.993240284840954,41.82629891507266,1,1531.5196223801688,1,NORMAL
216,10.184390475835553,79.9006510506739,1,2199.8283427804795,1,NORMAL
215,8.65711399722723,45.19100193235195,0,1861.2795094038543,1,NORMAL
224,12.590465850063609,60.441199151138896,0,2820.2643504142484,1,NORMAL
238,14.309614621308063,65.80357518171539,0,3405.688279871319,1,NORMAL
239,14.616706993840591,33.097448168082614,1,3493.3929715279014,-1,ANOMALY
226,8.55134419429455,60.03403133443722,0,1932.6037879105684,1,NORMAL
213,11.007651598495283,73.12250382515191,0,2344.629790479495,1,NORMAL
211,12.305912253726483,64.78626097231768,1,2596.5474855362877,1,NORMAL
231,11.878706180997636,38.638296872881334,0,2743.981127810454,1,NORMAL
218,5.272454358366926,67.24003106144337,1,1149.39505012399,1,NORMAL
225,6.5965419199424495,76.21853404212439,1,1484.2219319870512,1,NORMAL
229,9.607887246479365,62.76818024375359,0,2200.2061794437745,1,NORMAL
221,6.81660263430236,40.27953399169661,0,1506.4691821808215,1,NORMAL
216,12.886588483102871,57.88558097658449,0,2783.5031123502204,1,NORMAL
228,12.338444032731548,50.33595695307108,0,2813.165239462793,1,NORMAL
220,12.271632748482599,45.41226359869023,1,2699.7592046661716,1,NORMAL
233,11.328606974315857,70.22113365984126,1,2639.565425015595,1,NORMAL
233,9.163364969446123,71.54236163890516,0,2135.0640378809467,1,NORMAL
227,12.267314148221214,36.96096083507936,0,2784.6803116462156,1,NORMAL
232,7.827755670923428,58.00452423965588,1,1816.0393156542352,1,NORMAL
233,8.508551609327121,73.66409467497276,0,1982.4925249732191,1,NORMAL
230,11.61872908909492,60.10275547577386,0,2672.3076904918316,1,NORMAL
211,9.044275864274583,32.997290875463236,0,1908.342207361937,1,NORMAL
240,5.655775396920344,55.8181204712872,0,1357.3860952608825,1,NORMAL
232,9.549138289644784,31.702991308000268,0,2215.40008319759,1,NORMAL
218,9.596947284991606,46.36214121270405,0,2092.13450812817,1,NORMAL
232,6.6940051204261355,68.86464629414195,0,1553.0091879388635,1,NORMAL
224,8.164443157320784,66.4375624742587,1,1828.8352672398557,1,NORMAL
233,13.071111387175293,43.62610247620712,0,3045.568953211843,1,NORMAL
230,6.181933804235802,64.07318994575735,1,1421.8447749742345,1,NORMAL
216,13.86064607400301,78.71444629037015,0,2993.8995519846503,1,NORMAL
232,6.927741606521613,57.75489397667033,0,1607.236052713014,1,NORMAL
228,13.937097256218916,39.729456517229806,1,3177.658174417913,1,NORMAL
220,10.009465484231471,51.560599595518454,0,2202.082406530924,1,NORMAL
232,8.7721718391719,61.57596501720591,1,2035.1438666878807,1,NORMAL
239,13.350569387098906,45.95022959189291,0,3190.7860835166384,1,NORMAL
232,6.7089247136584795,31.98250114170903,0,1556.4705335687672,1,NORMAL
215,12.315779801114697,76.15624042013216,1,2647.89265723966,1,NORMAL
212,11.43359896494233,76.27674480613615,0,2423.922980567774,1,NORMAL
228,5.661984630042623,54.37591337348467,1,1290.932495649718,1,NORMAL
221,12.333275831692383,71.45456230067776,1,2725.653958804017,1,NORMAL
214,10.663744066614738,75.13861518101062,1,2282.0412302555537,1,NORMAL
223,6.494027609741785,79.12114764766989,1,1448.168156972418,1,NORMAL
224,10.202232030126684,44.09974705329009,1,2285.2999747483773,1,NORMAL
224,5.674943510494542,73.31993362294612,0,1271.1873463507773,1,NORMAL
231,6.552345901018066,41.251694083310326,0,1513.5919031351732,1,NORMAL
237,6.023933666599658,59.06830910803522,0,1427.672278984119,1,NORMAL
220,14.35536639072892,51.803566092368484,1,3158.1806059603623,1,NORMAL
227,13.28779396420435,50.585119635053005,0,3016.3292298743877,1,NORMAL
230,5.315434204494366,34.395916456122656,0,1222.5498670337042,1,NORMAL
235,13.624589824060482,59.96440906356368,1,3201.7786086542133,1,NORMAL
235,14.594361884916061,47.059274795110156,1,3429.6750429552744,1,NORMAL
211,6.3198732471906895,52.00952483865481,1,1333.4932551572356,1,NORMAL
227,6.953464911878843,58.34119728526097,1,1578.4365349964974,1,NORMAL
223,13.521458018330206,45.458263030234576,0,3015.285138087636,1,NORMAL
218,12.329915774548304,79.15270653430993,0,2687.92163885153,1,NORMAL
225,6.956688746986713,52.441156307389456,1,1565.2549680720103,1,NORMAL
235,6.146013006637317,68.91291654519608,1,1444.3130565597696,1,NORMAL
218,5.90723456316225,71.2180844545558,0,1287.7771347693706,1,NORMAL
223,8.85713292126011,73.19873432450785,0,1975.1406414410046,1,NORMAL
210,5.843455321142052,49.444020022488075,1,1227.1256174398309,1,NORMAL
222,12.453161831871817,67.3977973540783,0,2764.6019266755434,1,NORMAL
227,14.951831050673627,30.866070775999134,0,3394.0656485029135,-1,ANOMALY
226,11.103615419468383,62.06983763898632,0,2509.417084799855,1,NORMAL
214,5.577772450774634,55.25663460249974,0,1193.6433044657717,1,NORMAL
237,5.777334375166172,73.49475820598205,1,1369.2282469143827,1,NORMAL
212,10.100207740420059,43.731218734148186,0,2141.2440409690525,1,NORMAL
223,5.30593994097033,53.47215861568549,1,1183.2246068363836,1,NORMAL
240,14.46885323006859,36.59492001379954,0,3472.5247752164614,-1,ANOMALY
236,14.324080012932384,62.74953157673848,1,3380.482883052043,1,NORMAL
217,6.77312232633421,44.93166129702752,1,1469.7675448145237,1,NORMAL
221,5.053773257937953,65.47151187781867,1,1116.8838900042877,-1,ANOMALY
231,9.960811377984435,73.39603877351692,0,2300.9474283144045,1,NORMAL
232,8.751803228069289,54.67038665108328,1,2030.4183489120749,1,NORMAL
236,10.57767553072792,75.78182308982176,0,2496.331425251789,1,NORMAL
211,8.831091740010985,31.68502022974887,0,1863.3603571423178,1,NORMAL
240,5.2593105356984715,42.38915817284973,1,1262.234528567633,-1,ANOMALY
224,8.766745798582491,57.952729116407944,1,1963.751058882478,1,NORMAL
232,7.806611033800137,67.03514556227677,0,1811.133759841632,1,NORMAL
237,7.513681080694332,59.71198562338663,0,1780.7424161245567,1,NORMAL
217,5.476852100245573,42.17543400229439,1,1188.4769057532892,1,NORMAL
216,11.195125442602485,48.517190463657286,0,2418.1470956021367,1,NORMAL
229,10.497859746767698,47.08597560543312,1,2404.009882009803,1,NORMAL
239,13.685137551250012,32.777114117366104,1,3270.747874748753,-1,ANOMALY
238,8.341533848228519,41.00666314414278,0,1985.2850558783875,1,NORMAL
224,13.960151461650453,31.047382134579344,1,3127.0739274097014,1,NORMAL
236,8.817594804130307,65.89585788088125,0,2080.9523737747522,1,NORMAL
220,14.168891520346206,31.25518681315076,0,3117.1561344761653,1,NORMAL
229,7.814057675343145,37.02554658072442,1,1789.4192076535803,1,NORMAL
212,13.080006573698897,64.72446739476402,0,2772.9613936241662,1,NORMAL
215,8.139093380877625,69.01675585365427,0,1749.9050768886896,1,NORMAL
234,7.99621251094646,40.434785681379296,1,1871.1137275614717,1,NORMAL
227,13.251168932222983,42.093278397219095,0,3008.015347614617,1,NORMAL
218,7.9460057816252,55.617323401126875,1,1732.2292603942935,1,NORMAL
217,8.026661981491827,67.37366085713091,1,1741.7856499837264,1,NORMAL
216,9.9540980533627,51.36880217647474,1,2150.085179526343,1,NORMAL
219,6.100817355280154,39.39542951767551,1,1336.0790008063536,1,NORMAL
216,8.912208317113562,67.34788971590632,1,1925.0369964965294,1,NORMAL
238,13.595023806409648,42.00805465330404,1,3235.615665925496,1,NORMAL
230,5.817664195547794,70.73354767652597,1,1338.0627649759926,1,NORMAL
215,9.4513585782734,39.88091641854909,0,2032.0420943287809,1,NORMAL
224,10.241837084638572,61.64656898783166,1,2294.17150695904,1,NORMAL
226,9.095479627718936,64.95828512580457,0,2055.5783958644793,1,NORMAL
237,9.689443894187644,38.677916331915206,1,2296.3982029224717,1,NORMAL
230,6.371288492529913,53.01294447195519,0,1465.39635328188,1,NORMAL
224,14.946512874437666,79.54880440102309,1,3348.018883874037,-1,ANOMALY
223,9.344641702320267,75.35169335372242,0,2083.8550996174195,1,NORMAL
230,9.656540487359292,53.23633324393052,1,2221.004312092637,1,NORMAL
240,8.322209236636576,41.7148833095666,1,1997.3302167927782,1,NORMAL
213,12.964759316626473,42.37579489098184,0,2761.493734441439,1,NORMAL
210,9.299309584918447,64.92628473507776,1,1952.8550128328739,1,NORMAL
226,6.021302238475838,51.31650362497014,0,1360.8143058955393,1,NORMAL
210,9.136843107266651,75.88781185042967,1,1918.737052525997,1,NORMAL
221,11.171494233677944,41.22799239794839,0,2468.9002256428257,1,NORMAL
230,10.783695643119572,62.13543470665166,1,2480.2499979175013,1,NORMAL
216,12.195555518695326,52.16980456564134,0,2634.2399920381904,1,NORMAL
220,14.420902093634258,33.25782337878451,1,3172.598460599537,1,NORMAL
232,14.545537625421787,30.905398310026328,0,3374.5647290978545,-1,ANOMALY
235,7.741100001093181,44.99075891955255,1,1819.1585002568975,1,NORMAL
236,9.746810847675388,71.14878461783309,1,2300.2473600513913,1,NORMAL
214,6.482136376479231,47.40137800894679,0,1387.1771845665553,1,NORMAL
231,11.5552945599587,32.31920394054501,1,2669.27304335046,1,NORMAL
228,12.256461762072838,35.303624349907345,1,2794.4732817526074,1,NORMAL
231,6.868047802735476,31.69885861632556,0,1586.519042431895,1,NORMAL
225,5.404477453980956,74.95996037414207,1,1216.0074271457152,1,NORMAL
232,8.476076871842343,47.94398646104706,0,1966.4498342674235,1,NORMAL
222,9.848462013925708,45.119519080649965,0,2186.358567091507,1,NORMAL
215,10.08983901086935,77.63562368941356,0,2169.31538733691,1,NORMAL
240,12.690634839339511,53.57845930618479,0,3045.7523614414827,1,NORMAL
236,10.63970179973306,74.58394127029388,1,2510.9696247370025,1,NORMAL
236,8.030313051978704,73.37739651836927,1,1895.153880266974,1,NORMAL
240,6.8078378675225455,68.52984864322116,0,1633.8810882054108,1,NORMAL
220,5.447239507939664,68.14626644661647,1,1198.392691746726,1,NORMAL
234,9.81698814913798,45.09863578583547,0,2297.1752268982873,1,NORMAL
240,12.839432681698396,70.11374361074186,0,3081.463843607615,1,NORMAL
217,10.18295392497894,49.31032881186313,0,2209.7010017204298,1,NORMAL
234,8.875880079163338,31.541065893877075,1,2076.955938524221,1,NORMAL
217,10.628495528832687,61.31865414084536,1,2306.383529756693,1,NORMAL
234,14.616840949739553,70.46804981868783,0,3420.3407822390554,-1,ANOMALY
229,5.544630905902706,62.426064937223586,1,1269.7204774517197,1,NORMAL
237,9.51685738582746,75.57178179921587,0,2255.495200441108,1,NORMAL
222,5.790589307674381,65.5029237415512,1,1285.5108263037125,1,NORMAL
235,11.76545704137998,73.8009762925652,1,2764.882404724295,1,NORMAL
233,9.010965863848055,77.77818523261206,0,2099.555046276597,1,NORMAL
225,11.300640744412114,38.552944834738355,0,2542.6441674927255,1,NORMAL
229,8.68698771384281,65.05114488872422,1,1989.3201864700036,1,NORMAL
218,7.785722687396528,66.42559136567503,1,1697.2875458524431,1,NORMAL
218,9.375302152665991,54.83258235649771,1,2043.8158692811862,1,NORMAL
240,14.732665739687086,39.44042259570857,0,3535.8397775249005,-1,ANOMALY
219,6.86005219024822,50.6685808290267,0,1502.3514296643602,1,NORMAL
235,13.34222634537231,35.13424876227773,1,3135.423191162493,1,NORMAL
218,14.950719057004317,42.853004256760336,0,3259.256754426941,1,NORMAL
236,5.827347799803478,50.42196222560864,1,1375.2540807536209,1,NORMAL
219,13.989322331420594,54.77767723384843,1,3063.66159058111,1,NORMAL
228,10.299747754181965,70.09240996559048,1,2348.3424879534878,1,NORMAL
231,5.992615421767806,50.4392739960507,0,1384.2941624283633,1,NORMAL
228,8.676579465402902,52.3093052034237,0,1978.2601181118616,1,NORMAL
235,10.99429975254753,44.012483719710374,1,2583.6604418486695,1,NORMAL
216,11.462683727344487,79.95529636734008,1,2475.9396851064093,1,NORMAL
220,5.234863154021988,77.00725359314404,1,1151.6698938848374,-1,ANOMALY
215,9.87504054101262,76.6876659596187,0,2123.133716317713,1,NORMAL
215,10.669340036847169,61.50811208085514,1,2293.9081079221414,1,NORMAL
211,6.305883185091758,73.72796552832138,0,1330.541352054361,1,NORMAL
213,10.338353026596195,62.85088209126639,1,2202.0691946649895,1,NORMAL
212,9.641535406625195,40.268011153175294,1,2044.0055062045412,1,NORMAL
239,12.737960310311834,75.83011034631966,0,3044.372514164528,1,NORMAL
240,5.818989727900256,41.20580085053989,0,1396.5575346960613,1,NORMAL
230,6.572758070436331,33.37699338839765,0,1511.7343562003562,1,NORMAL
230,8.979253338189356,35.83254387869474,1,2065.228267783552,1,NORMAL
235,14.480066230578041,48.7711278072226,1,3402.81556418584,1,NORMAL
212,7.497654695146303,37.071430070181535,1,1589.5027953710162,1,NORMAL
218,12.510930466643163,47.61911069810847,1,2727.3828417282098,1,NORMAL
215,11.476478448728772,42.010378444005624,0,2467.442866476686,1,NORMAL
233,8.97451023810811,31.96148937998368,1,2091.0608854791894,1,NORMAL
221,6.42325293313661,57.01020986524889,0,1419.538898223191,1,NORMAL
229,11.101571233325497,49.43236540909075,0,2542.259812431539,1,NORMAL
215,13.535602893659505,37.73071308426964,1,2910.1546221367935,1,NORMAL
230,13.97661962631187,78.09155120903242,0,3214.62251405173,1,NORMAL
240,7.948691357995643,70.49563360081609,1,1907.6859259189544,1,NORMAL
210,8.89992107177791,57.32228315427725,0,1868.9834250733613,1,NORMAL
219,14.67541112372282,65.80433611224322,0,3213.9150360952976,1,NORMAL
218,10.85578275375326,76.10291719293706,1,2366.560640318211,1,NORMAL
227,11.156559577032201,33.92958990767985,1,2532.5390239863095,1,NORMAL
211,6.564024129986637,62.45985910351101,1,1385.0090914271805,1,NORMAL
216,5.5102327336329715,52.09692780664511,1,1190.2102704647218,1,NORMAL
235,9.171047578072546,77.90263894860576,1,2155.1961808470483,1,NORMAL
219,6.40590222834196,67.46678718990128,0,1402.8925880068891,1,NORMAL
231,8.391863237135285,45.239469451665194,1,1938.5204077782507,1,NORMAL
216,12.151317102219537,48.695924833451414,1,2624.68449407942,1,NORMAL
240,14.669234354689596,76.45188045152199,0,3520.616245125503,-1,ANOMALY
230,12.092852234860816,63.51929108865475,1,2781.3560140179875,1,NORMAL
238,12.349706271313075,35.25732943505506,1,2939.2300925725117,1,NORMAL
219,9.506309978366414,32.944015755662036,0,2081.8818852622444,1,NORMAL
222,13.763211622949616,34.97498450699101,1,3055.4329802948146,1,NORMAL
226,11.74425260233023,48.85590836073219,0,2654.201088126632,1,NORMAL
218,9.353738590763825,34.63802405764243,0,2039.115012786514,1,NORMAL
223,6.83769552109185,39.11644867506977,0,1524.8061012034825,1,NORMAL
234,7.767987416674689,38.07080414520715,1,1817.7090555018772,1,NORMAL
216,14.227282755100674,57.06675581033218,1,3073.093075101746,1,NORMAL
226,8.8670655397251,73.04838895633088,1,2003.9568119778726,1,NORMAL
221,13.273901437664161,39.122571744171495,1,2933.5322177237795,1,NORMAL
214,9.576168570239027,67.3648514942575,0,2049.300074031152,1,NORMAL
240,6.504003997442279,61.143545385116646,1,1560.960959386147,1,NORMAL
211,9.0899204914836,46.08285143651033,1,1917.9732237030396,1,NORMAL
213,9.370906852450034,64.83453042898766,1,1996.0031595718572,1,NORMAL
219,13.997650113317802,33.358336305867674,0,3065.4853748165983,1,NORMAL
218,9.691471820321386,74.08597603128169,0,2112.740856830062,1,NORMAL
211,13.938425174142296,56.35471543804444,1,2941.0077117440246,1,NORMAL
235,8.418851001163981,39.79785907489939,1,1978.4299852735355,1,NORMAL
213,7.345669271659378,37.91594715608981,1,1564.6275548634474,1,NORMAL
232,14.055778106064865,63.79060291083636,1,3260.9405206070487,1,NORMAL
211,11.362909826535699,62.11833874149576,0,2397.5739733990326,1,NORMAL
237,14.592355082042657,45.95710869304918,1,3458.3881544441097,1,NORMAL
220,11.336449094237864,51.2855981939495,0,2494.01880073233,1,NORMAL
235,13.22472212457715,74.27199018348426,1,3107.8096992756305,1,NORMAL
227,14.789352335062416,65.6622998133885,0,3357.1829800591686,1,NORMAL
221,6.050880131862936,40.933347666697955,0,1337.244509141709,1,NORMAL
220,14.51178102303867,67.39478463124473,1,3192.5918250685077,1,NORMAL
213,10.499692478145967,34.495455142602,0,2236.434497845091,1,NORMAL
225,7.914283276884922,52.49271392512121,1,1780.7137372991076,1,NORMAL
227,9.324166673339153,51.86809034636986,0,2116.585834847988,1,NORMAL
220,5.878812370454395,39.12026189248967,1,1293.3387214999668,1,NORMAL
223,12.137350749455004,74.8436077917363,0,2706.629217128466,1,NORMAL
227,13.248881470061676,47.28871397785062,1,3007.4960937040005,1,NORMAL
211,9.853260180267336,78.84640021004735,0,2079.037898036408,1,NORMAL
220,11.852981485759607,73.62334903408237,0,2607.6559268671135,1,NORMAL
229,10.302008493099475,50.243683040641756,1,2359.1599449197797,1,NORMAL
210,8.704577457763543,35.326136291727806,1,1827.961266130344,1,NORMAL
217,12.864681044553148,77.99838181990023,1,2791.6357866680332,1,NORMAL
215,5.010409446881445,56.112241227704125,0,1077.2380310795106,-1,ANOMALY
217,9.708657643857705,72.70643882437508,0,2106.7787087171223,1,NORMAL
232,6.049966656626764,72.69070835565651,1,1403.5922643374092,1,NORMAL
210,14.816164645824237,71.85203760342986,1,3111.3945756230896,-1,ANOMALY
238,10.555606728588604,74.18612173034757,1,2512.2344014040877,1,NORMAL
221,9.964729419327734,75.75396715108883,0,2202.205201671429,1,NORMAL
218,12.098935165067248,32.35228503680083,1,2637.56786598466,1,NORMAL
211,13.324120764248622,47.0639425362869,1,2811.3894812564595,1,NORMAL
225,12.467720134546795,73.6921847856593,1,2805.2370302730287,1,NORMAL
221,13.528570479887692,35.29246278837353,1,2989.81407605518,1,NORMAL
228,9.273319494260736,75.95367636415502,0,2114.316844691448,1,NORMAL
210,7.058476771840976,50.97404526490778,0,1482.280122086605,1,NORMAL
239,5.43819095354087,61.36035576145089,1,1299.7276378962679,1,NORMAL
215,9.420613907625572,39.4955962807237,1,2025.431990139498,1,NORMAL
224,5.6874979123817,77.44664131688182,1,1273.9995323735009,1,NORMAL
220,13.579718042290018,59.89073180468003,0,2987.537969303804,1,NORMAL
224,8.026680266107354,70.60519336031882,0,1797.9763796080472,1,NORMAL
214,10.617097158441755,44.055895799881434,1,2272.0587919065356,1,NORMAL
229,13.854845128628252,39.213240451140265,1,3172.75953445587,1,NORMAL
222,10.41910555740889,62.42902442252895,1,2313.0414337447737,1,NORMAL
238,12.083590319991526,76.81021586400453,0,2875.894496157983,1,NORMAL
227,5.86614991434428,41.09402762071301,1,1331.6160305561516,1,NORMAL
214,12.117136506644442,57.32666557315755,1,2593.067212421911,1,NORMAL
226,8.771720876045912,41.79159270751674,0,1982.408917986376,1,NORMAL
240,12.423044067093187,53.29542986001767,0,2981.5305761023646,1,NORMAL
213,13.964629870469063,39.16477658151443,1,2974.4661624099103,1,NORMAL
239,13.962967206196714,44.37385488609311,0,3337.1491622810145,1,NORMAL
213,13.047678915519192,42.47458853054823,0,2779.155609005588,1,NORMAL
211,5.52929757081025,67.88023669140077,1,1166.6817874409628,1,NORMAL
223,11.039220195760976,56.424869766743754,0,2461.7461036546974,1,NORMAL
212,12.195055397858841,56.02041158635629,1,2585.351744346074,1,NORMAL
223,13.572635060932575,33.48475529433937,0,3026.697618587964,1,NORMAL
235,10.49749384922862,64.69248144766911,0,2466.911054568726,1,NORMAL
221,14.330853626042595,70.04058973546826,1,3167.1186513554135,1,NORMAL
213,9.69920652505764,61.45601212239028,0,2065.9309898372776,1,NORMAL
212,13.890179167293669,73.918810007942,1,2944.717983466258,1,NORMAL
228,14.354428477140724,33.213963097776706,1,3272.809692788085,1,NORMAL
220,10.236732829050016,56.27676056148928,1,2252.0812223910034,1,NORMAL
238,13.782266231610336,72.52773064296076,0,3280.17936312326,1,NORMAL
239,12.769963096076966,38.44023004773663,0,3052.021179962395,1,NORMAL
238,5.187709923120475,65.3480899584727,1,1234.674961702673,-1,ANOMALY
215,14.451546311167471,46.73254259415167,0,3107.082456901006,1,NORMAL
226,8.65118531601102,35.29841254767077,0,1955.1678814184904,1,NORMAL
226,5.398173115522126,51.61550207989126,1,1219.9871241080004,1,NORMAL
229,9.012718350211022,70.4667718668789,1,2063.912502198324,1,NORMAL
228,10.74966921568418,30.31021352426126,1,2450.9245811759934,1,NORMAL
215,12.234225643259423,55.04829687965233,1,2630.358513300776,1,NORMAL
219,12.272288841831768,54.14014334539348,0,2687.6312563611573,1,NORMAL
224,7.622853634913094,61.956147299860845,1,1707.519214220533,1,NORMAL
239,6.233394040957472,32.89620411896729,0,1489.7811757888358,-1,ANOMALY
237,9.857669689741225,78.98759533551848,1,2336.2677164686706,1,NORMAL
230,11.337234945566218,59.19559967595207,0,2607.56403748023,1,NORMAL
223,14.83310511454358,41.076612384488655,0,3307.7824405432184,1,NORMAL
238,12.63816030831208,44.57439467362446,1,3007.8821533782752,1,NORMAL
213,10.431898068877343,45.50048255709404,1,2221.994288670874,1,NORMAL
222,10.80864470377632,57.87918571991727,1,2399.519124238343,1,NORMAL
223,9.463964044869908,33.294459349450406,0,2110.4639820059892,1,NORMAL
230,11.290772761209423,66.14614593255462,1,2596.8777350781675,1,NORMAL
228,9.738949191543707,66.0804976281548,0,2220.480415671965,1,NORMAL
225,6.393216175136022,57.83027529355782,1,1438.473639405605,1,NORMAL
224,7.471029177010645,30.95346616857353,0,1673.5105356503846,1,NORMAL
210,6.728116026000711,73.11170826594659,0,1412.9043654601494,1,NORMAL
234,11.650175153458155,64.64059271273675,1,2726.140985909208,1,NORMAL
239,7.231534168840767,32.824784087980944,1,1728.3366663529432,-1,ANOMALY
214,12.663666158110289,32.68955345097384,1,2710.0245578356016,1,NORMAL
219,9.523184226551642,30.341228910557234,1,2085.5773456148095,1,NORMAL
211,13.527368495972048,63.41554109562148,1,2854.274752650102,1,NORMAL
218,14.943467643791383,64.73766033030357,0,3257.6759463465214,1,NORMAL
230,8.957799433965766,59.225071835578525,0,2060.293869812126,1,NORMAL
213,12.323107911286321,65.20459938554713,0,2624.8219851039867,1,NORMAL
221,10.473194071928981,76.91623789166032,1,2314.575889896305,1,NORMAL
236,8.029357097092458,70.76847222853502,0,1894.9282749138201,1,NORMAL
229,5.416455908490994,65.50653305266255,0,1240.3684030444376,1,NORMAL
230,12.048770145332739,68.6197477827106,1,2771.21713342653,1,NORMAL
221,12.540785417057188,51.656282261744224,1,2771.5135771696387,1,NORMAL
240,8.151931136852868,62.00264278401892,1,1956.4634728446883,1,NORMAL
231,7.590471072839556,43.48731767218261,1,1753.3988178259374,1,NORMAL
239,12.407663531361354,69.87705194664426,1,2965.431583995364,1,NORMAL
218,8.177724772735475,55.856702456006786,1,1782.7440004563337,1,NORMAL
233,8.17593195077338,75.38960600242652,1,1904.9921445301977,1,NORMAL
216,11.220434139377396,45.27641746082828,1,2423.6137741055177,1,NORMAL
217,12.224885144182345,50.744162148929355,0,2652.800076287569,1,NORMAL
231,10.7070746743094,40.68223047626307,0,2473.334249765471,1,NORMAL
214,6.277727066941483,51.14865602838137,1,1343.4335923254773,1,NORMAL
225,8.21664713964314,63.41412268771731,1,1848.7456064197065,1,NORMAL
218,12.878497071688386,40.86679822915352,0,2807.512361628068,1,NORMAL
213,8.996005498839388,52.642636236245664,1,1916.1491712527895,1,NORMAL
210,8.368739474544258,66.00890713964539,1,1757.4352896542941,1,NORMAL
226,14.790820527740577,71.26214158167986,0,3342.7254392693703,1,NORMAL
214,7.448581094441854,46.64252823825237,1,1593.9963542105568,1,NORMAL
220,13.588755939387765,78.7484686222255,1,2989.5263066653083,1,NORMAL
211,14.471518479006352,47.082190497607144,1,3053.4903990703406,1,NORMAL
238,10.18096246885286,54.25022445772329,0,2423.0690675869805,1,NORMAL
237,6.593656199565315,51.708452849588696,0,1562.6965192969797,1,NORMAL
236,14.4566241196492,63.546962762906574,1,3411.7632922372113,1,NORMAL
213,12.764918467543296,30.256256169192646,1,2718.927633586722,1,NORMAL
235,10.497602959492447,40.42571720301926,0,2466.936695480725,1,NORMAL
215,8.621412602727222,52.63605942287675,1,1853.6037095863528,1,NORMAL
215,8.376431389217505,64.3735265297629,0,1800.9327486817635,1,NORMAL
221,13.055560777258988,63.050010652820596,1,2885.2789317742363,1,NORMAL
233,7.548154499379139,77.60646387310729,0,1758.7199983553394,1,NORMAL
219,13.790767750171582,39.85839616060091,0,3020.1781372875766,1,NORMAL
236,14.292478970671677,72.29756637020945,0,3373.0250370785157,1,NORMAL
236,11.410404284828637,34.670554017449334,0,2692.8554112195584,1,NORMAL
232,11.001394557635447,60.57445377874821,1,2552.3235373714238,1,NORMAL
210,11.199808901766694,36.05994612006098,1,2351.959869371006,1,NORMAL
211,7.855660925792556,39.53216685048104,1,1657.5444553422292,1,NORMAL
218,13.215700464301381,54.29045647523982,0,2881.022701217701,1,NORMAL
223,10.320801077551852,42.06847920472915,0,2301.538640294063,1,NORMAL
239,5.961121476668647,77.17441220428657,0,1424.7080329238067,-1,ANOMALY
234,5.632530266451155,38.480159670090146,0,1318.0120823495704,1,NORMAL
223,5.758210569647568,67.18325139124244,0,1284.0809570314077,1,NORMAL
214,5.139282955555776,58.90504761438207,1,1099.8065524889362,1,NORMAL
218,7.602840659391047,48.00518880930542,1,1657.4192637472484,1,NORMAL
232,10.155193214802736,55.79343323716777,1,2356.004825834235,1,NORMAL
230,6.124870666708592,66.02337130713352,0,1408.720253342976,1,NORMAL
211,12.85220044088214,63.628787456531576,0,2711.8142930261315,1,NORMAL
227,6.331100759599591,71.02204950616144,1,1437.1598724291073,1,NORMAL
224,9.40447331993462,60.001774642349766,0,2106.602023665355,1,NORMAL
219,7.75737403319102,38.70342086520932,1,1698.8649132688333,1,NORMAL
227,7.244741447502104,42.93412520442835,0,1644.5563085829776,1,NORMAL
218,9.648748860115198,66.34020356119358,0,2103.427251505113,1,NORMAL
232,8.694699711646056,31.98719573740694,1,2017.170333101885,1,NORMAL
221,5.195406019310063,75.4721295648892,0,1148.184730267524,-1,ANOMALY
227,5.28935045441168,35.6711959389136,1,1200.6825531514512,1,NORMAL
214,12.142991214032964,72.69357814403395,0,2598.6001198030544,1,NORMAL
219,6.621141818796232,75.59191217497673,0,1450.0300583163748,1,NORMAL
212,14.504714359186824,73.9498657947621,0,3074.999444147607,-1,ANOMALY
215,8.364017294080313,65.28717102334734,0,1798.2637182272672,1,NORMAL
239,7.292737036623139,62.14448226984782,1,1742.9641517529303,1,NORMAL
220,10.193332587129879,78.5212682647815,0,2242.5331691685733,1,NORMAL
240,11.640539362384096,37.48403522550574,0,2793.7294469721833,1,NORMAL
238,14.314402644424938,60.14639209950701,0,3406.827829373135,1,NORMAL
232,12.607092639223803,40.64875933724775,0,2924.845492299922,1,NORMAL
224,9.993271743114793,47.467542543322274,1,2238.4928704577137,1,NORMAL
217,14.323668932191469,61.815537948419035,0,3108.2361582855488,1,NORMAL
215,10.193703668287338,42.71265339512712,1,2191.6462886817776,1,NORMAL
218,10.227987831350694,36.5928380582177,1,2229.701347234451,1,NORMAL
234,6.433336313892839,62.18100711250685,0,1505.4006974509243,1,NORMAL
235,12.895771375072016,39.023421324162754,1,3030.506273141924,1,NORMAL
226,6.566259426865619,64.65537699387855,1,1483.9746304716298,1,NORMAL
225,6.184339358371983,40.21452922983826,1,1391.4763556336961,1,NORMAL
222,10.843350544897651,34.406571444891604,1,2407.2238209672787,1,NORMAL
220,14.021158106263789,56.664965499251814,0,3084.6547833780337,1,NORMAL
221,10.508772789370859,44.21057681233391,0,2322.43878645096,1,NORMAL
240,9.08673714722924,58.3780665579837,0,2180.8169153350177,1,NORMAL
228,5.253421005938728,70.8814646678485,0,1197.77998935403,1,NORMAL
219,10.462214684434448,36.620266496871366,1,2291.2250158911443,1,NORMAL
210,11.01793921331645,76.47930590789574,1,2313.767234796455,1,NORMAL
235,11.611509912614679,48.33212727586596,0,2728.7048294644496,1,NORMAL
211,7.420288863804533,45.02172693096904,0,1565.6809502627564,1,NORMAL
224,7.222298825862323,51.916969451002146,1,1617.7949369931603,1,NORMAL
228,6.791483212500459,75.19850639930668,1,1548.4581724501047,1,NORMAL
227,11.997944690100452,56.46837779113521,1,2723.5334446528027,1,NORMAL
217,11.132778984728816,66.16377193929311,1,2415.813039686153,1,NORMAL
228,7.915387382203432,54.000770308326494,1,1804.7083231423826,1,NORMAL
215,12.533640837029186,57.564871888873896,0,2694.732779961275,1,NORMAL
219,6.939535309013789,69.2448322059866,1,1519.7582326740198,1,NORMAL
216,9.186352265712753,75.6779597696688,0,1984.2520893939545,1,NORMAL
211,14.643116549114678,58.56781884014714,0,3089.697591863197,1,NORMAL
213,5.838138151674713,71.08326841271773,0,1243.5234263067139,1,NORMAL
239,7.461142901450661,41.698809597170985,0,1783.213153446708,1,NORMAL
236,6.474119856425881,43.447585432441656,0,1527.8922861165079,1,NORMAL
233,14.95498954891371,70.00150308993045,1,3484.5125648968947,-1,ANOMALY
238,5.737112623128188,68.75056679263707,0,1365.4328043045086,1,NORMAL
212,10.898783439016283,43.489185413561245,1,2310.5420890714518,1,NORMAL
215,8.103132046951092,44.94804344212898,1,1742.1733900944848,1,NORMAL
237,9.236609664812807,62.0727726461655,0,2189.076490560635,1,NORMAL
240,14.930878104082993,45.089200315505856,0,3583.4107449799185,-1,ANOMALY
230,6.369732589119122,31.638578521059596,0,1465.0384954973981,1,NORMAL
228,8.706898436479372,43.209296735884394,1,1985.172843517297,1,NORMAL
213,8.893435012810107,68.56591680431526,1,1894.3016577285528,1,NORMAL
217,6.240257662581609,59.52284978710046,0,1354.135912780209,1,NORMAL
210,9.605352153803238,31.896730945194776,0,2017.12395229868,1,NORMAL
232,9.063917972181432,74.88384596614242,1,2102.828969546092,1,NORMAL
226,12.806944405010547,68.52400707950352,1,2894.3694355323837,1,NORMAL
235,8.11398668464184,38.62355788306242,0,1906.7868708908325,1,NORMAL
225,9.62078119592448,32.28502654774392,0,2164.6757690830077,1,NORMAL
218,9.57987638393504,43.06325125869826,1,2088.413051697839,1,NORMAL
220,13.052863539546859,53.54299580067746,0,2871.629978700309,1,NORMAL
238,5.8231315196115085,72.38972855665367,1,1385.905301667539,1,NORMAL
214,7.1947495078309585,68.4678912264032,1,1539.6763946758251,1,NORMAL
226,12.18212473441218,40.31434361378719,0,2753.1601899771526,1,NORMAL
219,7.975522631802865,32.54841170562046,0,1746.6394563648273,1,NORMAL
231,14.577142743997166,56.76759640024913,0,3367.3199738633452,1,NORMAL
217,13.79790310497117,64.02514158296083,0,2994.144973778744,1,NORMAL
217,13.31782265902413,69.58648084512761,1,2889.9675170082364,1,NORMAL
216,13.587234749708973,63.491804221587614,1,2934.842705937138,1,NORMAL
222,7.157647274881156,64.69178047649946,1,1588.9976950236166,1,NORMAL
238,13.644546701521165,51.090490127702004,0,3247.402114962037,1,NORMAL
237,8.484229491901832,63.59544256797953,0,2010.7623895807342,1,NORMAL
213,12.566863985732653,60.727278911475985,0,2676.742028961055,1,NORMAL
212,13.410569807130377,44.45910191106482,0,2843.04079911164,1,NORMAL
220,13.604413793452494,79.91438202737308,0,2992.9710345595486,1,NORMAL
235,10.729194525047962,38.914525616108314,1,2521.360713386271,1,NORMAL
213,14.576306773300734,34.74076780762164,0,3104.7533427130566,-1,ANOMALY
231,8.157499894107772,44.75504502987915,0,1884.3824755388955,1,NORMAL
214,5.951637260785546,71.64184678546684,0,1273.650373808107,1,NORMAL
224,13.665521827143284,49.967588762006706,1,3061.0768892800957,1,NORMAL
216,8.237458027256203,51.006444510541485,0,1779.2909338873399,1,NORMAL
225,10.999354344450019,38.783826607472086,1,2474.8547275012543,1,NORMAL
230,13.184606233548667,42.34890425451392,0,3032.4594337161934,1,NORMAL
223,9.614652860967306,48.925051299612065,1,2144.0675879957093,1,NORMAL
210,8.612911590104318,38.952243051134396,0,1808.7114339219067,1,NORMAL
226,13.07678928349232,67.00118931157994,0,2955.354378069264,1,NORMAL
222,7.618830230359503,51.75944791943181,1,1691.3803111398097,1,NORMAL
218,7.578371504225539,47.902514075983134,0,1652.0849879211676,1,NORMAL
216,7.257817774807808,67.86029772943141,1,1567.6886393584866,1,NORMAL
210,8.50481001704548,66.87658451060753,0,1786.010103579551,1,NORMAL
220,5.1610301019794065,61.799445180247275,1,1135.4266224354694,1,NORMAL
213,12.186257143546051,69.83019778675624,0,2595.672771575309,1,NORMAL
210,5.65347574310214,63.2222232376132,0,1187.2299060514495,1,NORMAL
237,6.199590689162642,51.090598019266935,1,1469.3029933315463,1,NORMAL
235,14.432060077422456,68.06822229911467,1,3391.534118194277,1,NORMAL
231,8.783492820586234,68.02648219478588,0,2028.9868415554201,1,NORMAL
218,13.551022715287711,74.87712505340508,0,2954.122951932721,1,NORMAL
234,7.685448441868317,42.08579081102979,0,1798.3949353971861,1,NORMAL
218,10.627194876352561,37.048600949223754,1,2316.7284830448584,1,NORMAL
211,10.808271306167285,73.89785837119791,1,2280.545245601297,1,NORMAL
227,5.709434787749208,60.27748218565762,0,1296.0416968190702,1,NORMAL
229,5.950230315559033,46.27721769698201,0,1362.6027422630184,1,NORMAL
230,11.336222028322721,30.8650736061743,1,2607.3310665142258,1,NORMAL
216,12.209013483328786,47.45805912725696,0,2637.1469123990178,1,NORMAL
222,5.020308428860797,64.93065753978811,1,1114.5084712070968,-1,ANOMALY
213,10.93949149477277,65.27173672001491,1,2330.1116883866002,1,NORMAL
214,14.016004685718698,34.756229945587116,0,2999.4250027438015,1,NORMAL
227,12.921164692262352,35.32285382561407,0,2933.104385143554,1,NORMAL
227,8.793047487194833,42.920619071288186,1,1996.0217795932272,1,NORMAL
227,13.610772914901348,64.8008160500599,0,3089.645451682606,1,NORMAL
225,13.20179318028495,67.61988990744908,1,2970.403465564114,1,NORMAL
228,7.6371778465762485,42.9007643217287,0,1741.2765490193847,1,NORMAL
225,13.249733232670602,44.832201563801476,1,2981.1899773508853,1,NORMAL
231,8.495460446513563,37.21481121537273,0,1962.4513631446332,1,NORMAL
219,5.85757194223895,53.70819010376865,1,1282.80825535033,1,NORMAL
219,10.100779945710741,56.38125313419988,0,2212.0708081106523,1,NORMAL
210,7.6935016511479155,50.34546656328327,0,1615.6353467410622,1,NORMAL
214,10.45374571740495,31.232259760148324,0,2237.101583524659,1,NORMAL
234,5.780375545303377,35.89230618946542,1,1352.6078776009902,1,NORMAL
226,10.142370495207079,50.104345106531596,1,2292.1757319167996,1,NORMAL
233,11.754820956245453,49.1098739413263,0,2738.8732828051907,1,NORMAL
227,8.914950640527914,52.38862119741936,0,2023.6937953998365,1,NORMAL
222,7.028849318382755,76.99160490678575,1,1560.4045486809716,1,NORMAL
232,6.293934975692662,62.36252089322656,1,1460.1929143606976,1,NORMAL
236,9.752101260032829,56.55791798883165,1,2301.4958973677476,1,NORMAL
222,12.260124557118086,50.27293025635356,1,2721.7476516802153,1,NORMAL
213,7.881188285105183,41.11462124045234,0,1678.693104727404,1,NORMAL
220,8.751736230508632,49.0443223389468,0,1925.381970711899,1,NORMAL
226,8.773520344897802,49.59791298522473,0,1982.8155979469034,1,NORMAL
234,12.871989808111858,68.50543078402873,0,3012.0456150981745,1,NORMAL
237,14.16433281372681,46.140809098573584,1,3356.9468768532543,1,NORMAL
225,14.753164023950136,56.26673093572384,0,3319.4619053887805,1,NORMAL
225,8.57711511278201,40.83351443203354,1,1929.8509003759523,1,NORMAL
215,6.805957339045965,31.368459371574403,0,1463.2808278948823,1,NORMAL
214,9.20095159239282,54.717127167169664,0,1969.0036407720634,1,NORMAL
235,8.051840548092983,40.61507979467575,0,1892.182528801851,1,NORMAL
237,8.181819840753157,62.643809759919186,1,1939.0913022584982,1,NORMAL
228,8.193742972777606,33.183635196613416,1,1868.1733977932943,1,NORMAL
236,7.529355625407547,50.22615947553054,1,1776.927927596181,1,NORMAL
210,12.338494479399074,45.26698620454608,1,2591.0838406738058,1,NORMAL
227,14.12219611929915,74.03819993601394,1,3205.7385190809073,1,NORMAL
229,8.477473913613718,78.46195990472629,1,1941.3415262175413,1,NORMAL
223,12.923846911385438,38.35906485491714,1,2882.0178612389527,1,NORMAL
216,6.624903925544178,44.71027298296087,1,1430.9792479175424,1,NORMAL
214,14.49136607003743,71.8795284943761,1,3101.15233898801,1,NORMAL
216,13.432132193655193,63.7065038769736,0,2901.3405538295215,1,NORMAL
240,9.6828390456696,40.166549626789646,1,2323.881370960704,1,NORMAL
236,7.943420538368205,33.87524591942232,1,1874.6472470548963,1,NORMAL
226,13.433463139998468,47.97008881876062,1,3035.9626696396535,1,NORMAL
213,11.289941405064397,62.067082848992825,1,2404.7575192787167,1,NORMAL
211,7.653665727544462,76.0509443533295,0,1614.9234685118815,1,NORMAL
215,8.73745702390066,46.21066602031537,1,1878.553260138642,1,NORMAL
229,7.003567068205445,73.04238184621818,0,1603.816858619047,1,NORMAL
222,5.866983440835888,48.64940136287621,0,1302.4703238655673,1,NORMAL
236,9.662788166284864,30.72227928700205,1,2280.4180072432277,1,NORMAL
228,9.895655486855887,74.23323888711951,0,2256.209451003142,1,NORMAL
239,10.974721036757082,51.72274431728132,1,2622.9583277849424,1,NORMAL
223,6.890231753597366,32.29057496353228,1,1536.5216810522127,1,NORMAL
224,9.345878831037464,57.90150393563814,1,2093.4768581523917,1,NORMAL
218,5.788568322309025,74.3073303558286,1,1261.9078942633676,1,NORMAL
226,12.454618735849671,57.63761382268888,1,2814.743834302026,1,NORMAL
215,14.542767138937961,52.36026400749202,1,3126.6949348716616,1,NORMAL
230,14.653143441093228,71.22337286293549,1,3370.2229914514423,1,NORMAL
211,8.772405559133126,43.107284542960095,0,1850.9775729770897,1,NORMAL
235,6.595027555253705,59.81554418888646,1,1549.8314754846208,1,NORMAL
234,13.947077600454445,78.60185963768329,0,3263.61615850634,1,NORMAL
215,11.85831464342777,32.73980441195866,1,2549.5376483369705,1,NORMAL
235,13.357510832707382,42.94725432590348,0,3139.0150456862348,1,NORMAL
238,12.444382997945594,41.75539723458047,0,2961.7631535110513,1,NORMAL
216,6.45775692981291,48.47070632774167,1,1394.8754968395885,1,NORMAL
212,6.155281483633218,50.05442550696597,0,1304.9196745302422,1,NORMAL
225,14.371182230187413,35.886823444914526,1,3233.516001792168,1,NORMAL
218,14.395724609686463,48.01298679919336,0,3138.267964911649,1,NORMAL
233,10.491187261572756,31.753846640862466,0,2444.4466319464523,1,NORMAL
215,13.784252872207226,69.05919738934458,1,2963.6143675245535,1,NORMAL
236,14.552478663882932,54.49875799316247,1,3434.384964676372,1,NORMAL
225,6.620289372685163,30.311152177547342,1,1489.5651088541617,1,NORMAL
235,12.003063527806589,58.496204093026485,0,2820.7199290345484,1,NORMAL
216,10.41317817925454,73.00240549969962,0,2249.2464867189806,1,NORMAL
225,11.821463182891865,56.80214442743858,0,2659.8292161506697,1,NORMAL
218,12.087424210460554,61.12749647833816,0,2635.058477880401,1,NORMAL
232,8.582496864537497,33.579611276271905,0,1991.1392725726992,1,NORMAL
216,10.30218468925273,42.82883578981681,1,2225.27189287859,1,NORMAL
229,9.962798750562992,61.43893305745388,0,2281.480913878925,1,NORMAL
224,12.181191266525929,61.31937594344534,1,2728.586843701808,1,NORMAL
236,5.539920726431714,35.68934326152403,1,1307.4212914378845,1,NORMAL
219,8.94445015564377,65.80461647289823,1,1958.8345840859856,1,NORMAL
215,8.612646406017822,62.30482318019163,0,1851.7189772938316,1,NORMAL
233,8.912076001679061,74.45261598225967,1,2076.5137083912214,1,NORMAL
232,11.999063483214112,32.72953454729477,0,2783.782728105674,1,NORMAL
221,11.557679627029348,73.1171138993043,0,2554.2471975734857,1,NORMAL
240,10.586146263542712,63.31117762107976,1,2540.675103250251,1,NORMAL
228,12.378467972411059,48.649436216560396,0,2822.2906977097214,1,NORMAL
213,7.5688177803965075,59.50368970029295,0,1612.158187224456,1,NORMAL
236,14.030352595499455,46.46258743427143,1,3311.1632125378715,1,NORMAL
236,7.7101248107863345,70.18667805264786,0,1819.5894553455748,1,NORMAL
239,7.730979643081715,72.88379885893565,1,1847.7041346965298,1,NORMAL
216,10.649324974871487,43.08020528588984,0,2300.254194572241,1,NORMAL
211,12.792401928680182,60.120691891740535,0,2699.1968069515183,1,NORMAL
224,11.867758521613341,34.43254743583408,0,2658.3779088413885,1,NORMAL
233,5.555519712633417,61.85946206608862,1,1294.436093043586,1,NORMAL
211,7.9506006543000565,63.10612726571299,0,1677.576738057312,1,NORMAL
218,7.0646047879007865,46.82656060294737,0,1540.0838437623715,1,NORMAL
233,5.607802059339288,55.20845349993081,0,1306.617879826054,1,NORMAL
223,7.3722760282205275,38.37114038678998,0,1644.0175542931777,1,NORMAL
212,13.892221662482742,70.26792518221527,1,2945.150992446341,1,NORMAL
224,9.12408299571034,60.60727995729354,0,2043.7945910391163,1,NORMAL
223,12.492734401799357,37.43034714572031,1,2785.8797716012564,1,NORMAL
238,10.30388192171456,43.68262360869184,1,2452.323897368065,1,NORMAL
220,7.117397718348868,51.07690184159453,1,1565.827498036751,1,NORMAL
217,14.272023726319587,66.73336076312461,0,3097.02914861135,1,NORMAL
212,5.378002617920254,53.152034728697984,0,1140.136554999094,1,NORMAL
232,11.583429792402246,77.85977663810941,0,2687.355711837321,1,NORMAL
218,12.143690402215407,40.442940407781876,0,2647.324507682959,1,NORMAL
232,11.850686001198056,31.703237807748852,1,2749.359152277949,1,NORMAL
224,9.215827761740979,38.55864047723912,0,2064.345418629979,1,NORMAL
217,10.063426890724894,62.70002690584562,0,2183.763635287302,1,NORMAL
216,8.838414502722031,30.485270095261402,0,1909.0975325879588,1,NORMAL
240,13.680591671139375,43.56577059022408,0,3283.34200107345,1,NORMAL
225,14.466846980876753,45.64093418353593,0,3255.0405706972692,1,NORMAL
227,10.115808429435889,60.3063788909295,1,2296.2885134819467,1,NORMAL
212,7.080290364794922,64.2932457070585,0,1501.0215573365235,1,NORMAL
233,8.457219179414828,52.876522376754906,0,1970.532068803655,1,NORMAL
234,6.51582608353888,75.93531872463444,1,1524.7033035480981,1,NORMAL
233,9.549121976373637,45.438949009651836,1,2224.9454204950575,1,NORMAL
237,14.932673448210881,65.4332412896502,0,3539.043607225979,-1,ANOMALY
224,11.374160413129848,77.6409663064532,0,2547.811932541086,1,NORMAL
224,10.077810017534716,70.15342062032876,0,2257.4294439277764,1,NORMAL
234,12.12844558646518,38.794652916651174,1,2838.056267232852,1,NORMAL
240,8.194048045295943,58.86584260317485,1,1966.5715308710264,1,NORMAL
239,6.627445068747669,66.05365694287192,1,1583.9593714306927,1,NORMAL
238,12.222202415620302,78.07975411578232,1,2908.8841749176318,1,NORMAL
232,6.22706794982049,59.39931256993755,1,1444.6797643583536,1,NORMAL
213,10.600043479077307,67.01912872223569,0,2257.8092610434664,1,NORMAL
216,9.085915843758894,52.67577826002617,1,1962.5578222519212,1,NORMAL
239,9.499692148391949,51.50492424549293,1,2270.4264234656757,1,NORMAL
240,11.439076353323568,56.29539761223242,0,2745.378324797656,1,NORMAL
238,9.452584568048042,49.68468527193629,1,2249.715127195434,1,NORMAL
238,11.64240888285732,70.23049989125286,0,2770.893314120042,1,NORMAL
223,10.831395068016416,50.309190573290635,0,2415.401100167661,1,NORMAL
232,5.144590015882277,34.45855527196149,1,1193.5448836846883,-1,ANOMALY
216,12.057976701433523,33.1757488772923,0,2604.522967509641,1,NORMAL
221,7.068348012952903,65.56056399283158,0,1562.1049108625916,1,NORMAL
218,6.038655227019184,69.17808969994456,1,1316.4268394901821,1,NORMAL
227,13.614153087473966,33.65132439531962,1,3090.4127508565903,1,NORMAL
222,12.481578719184228,45.77788468789492,0,2770.9104756588986,1,NORMAL
233,11.001009279460897,68.5651091950858,1,2563.235162114389,1,NORMAL
212,14.517808790141508,46.91832191316577,1,3077.7754635099996,1,NORMAL
236,5.436388120796155,61.28513892728365,1,1282.9875965078927,1,NORMAL
224,11.814689109653482,46.40034759217225,0,2646.49036056238,1,NORMAL
222,5.952854338003283,55.92352690597684,0,1321.5336630367287,1,NORMAL
213,9.476950250786025,43.797232576073704,0,2018.5904034174234,1,NORMAL
223,10.164524756168255,66.46649865452395,1,2266.6890206255207,1,NORMAL
237,11.014978858371208,75.80181922217,1,2610.5499894339764,1,NORMAL
223,11.927984948332767,55.80859541621703,0,2659.940643478207,1,NORMAL
218,10.478610565207042,63.25268400153797,1,2284.337103215135,1,NORMAL
229,8.00988598413597,48.221596147176406,1,1834.263890367137,1,NORMAL
225,9.407575111610702,77.22437594783582,1,2116.704400112408,1,NORMAL
231,12.61259198706979,55.6411954387261,0,2913.5087490131214,1,NORMAL
234,9.914528815800498,75.60721954228018,1,2319.9997428973165,1,NORMAL
233,7.228686683641859,77.31269858532337,0,1684.283997288553,1,NORMAL
230,8.845548631380302,67.63226326630168,0,2034.4761852174695,1,NORMAL
231,13.362321790580502,38.40824592412009,1,3086.696333624096,1,NORMAL
216,11.236980332291713,51.04029101446223,0,2427.18775177501,1,NORMAL
234,8.589782518786917,33.157232922374206,1,2010.0091093961387,1,NORMAL
227,13.269784569221441,68.83268516468597,0,3012.241097213267,1,NORMAL
219,6.487060374864578,48.75994638433859,1,1420.6662220953426,1,NORMAL
219,11.227375974161541,41.82462150263998,1,2458.7953383413774,1,NORMAL
219,13.378107857112028,72.97702718594502,0,2929.805620707534,1,NORMAL
227,11.45822261617909,46.7334601195824,1,2601.0165338726533,1,NORMAL
226,6.4696497797489485,75.37496084486759,1,1462.1408502232623,1,NORMAL
230,6.639300825008677,49.05171800707195,0,1527.0391897519958,1,NORMAL
235,10.090813753301417,35.26532882274939,1,2371.341232025833,1,NORMAL
233,13.280343882119894,74.6226350427126,1,3094.320124533935,1,NORMAL
228,8.325783308726649,33.17879538601854,0,1898.278594389676,1,NORMAL
233,7.361306710365302,51.924738459655224,0,1715.1844635151153,1,NORMAL
224,6.5802474077976605,69.89253470652315,0,1473.975419346676,1,NORMAL
217,13.685491279770128,37.80423407105506,0,2969.7516077101177,1,NORMAL
229,14.122588699607938,39.68872434701045,0,3234.0728122102178,1,NORMAL
227,5.953112545229756,76.17587235018851,0,1351.3565477671548,1,NORMAL
214,11.49384778132921,64.69380075200075,1,2459.683425204451,1,NORMAL
223,10.224974800951198,72.29619622525419,0,2280.169380612117,1,NORMAL
238,14.850996910939267,40.901423096769854,1,3534.5372648035454,-1,ANOMALY
221,13.166252766725353,34.39158127747979,1,2909.741861446303,1,NORMAL
216,9.387086662675582,76.05260234186936,0,2027.6107191379258,1,NORMAL
214,10.752124666881514,57.934056082640794,0,2300.9546787126437,1,NORMAL
214,5.758474136594439,69.36407908699917,0,1232.31346523121,1,NORMAL
215,12.48756366180628,38.28842014827914,0,2684.8261872883504,1,NORMAL
235,12.93117598332393,67.36785019354654,1,3038.826356081124,1,NORMAL
218,7.969018258714236,69.11452979435198,1,1737.2459803997035,1,NORMAL
217,12.699069513452985,54.976564058617996,1,2755.6980844192976,1,NORMAL
214,14.809724623837539,56.89651170934307,1,3169.2810695012336,1,NORMAL
231,6.460784828304944,53.07124485216339,1,1492.4412953384422,1,NORMAL
222,8.937260343253739,53.223020244043546,1,1984.07179620233,1,NORMAL
227,8.075701675931425,58.57441093639122,0,1833.1842804364335,1,NORMAL
213,5.865830980910936,57.02545717205601,1,1249.4219989340295,1,NORMAL
234,12.673606037727888,35.40009267668972,1,2965.6238128283258,1,NORMAL
222,11.49562257851479,67.33636193723675,1,2552.0282124302835,1,NORMAL
220,7.975397136270715,75.1151099426137,1,1754.5873699795573,1,NORMAL
228,12.531005002259855,45.89410591210038,0,2857.069140515247,1,NORMAL
232,7.096982063407885,46.272563281313836,1,1646.4998387106293,1,NORMAL
216,14.798257984338845,79.19544921832687,1,3196.4237246171906,-1,ANOMALY
217,8.838586419314506,73.87929790064464,0,1917.9732529912478,1,NORMAL
224,5.301276878431941,59.26067041660227,0,1187.4860207687548,1,NORMAL
233,11.552169376598563,32.74539159622393,0,2691.6554647474654,1,NORMAL
215,6.788480081340338,41.08158876596194,1,1459.5232174881726,1,NORMAL
220,14.105742792017432,38.628235614217175,1,3103.263414243835,1,NORMAL
213,12.615635584323378,64.83271911850866,1,2687.13037946088,1,NORMAL
222,5.22681332200054,78.49750300892438,1,1160.3525574841199,-1,ANOMALY
213,14.91182080187793,55.6387909702927,1,3176.217830799999,1,NORMAL
229,7.676757390222625,43.17084142761482,1,1757.977442360981,1,NORMAL
227,11.497416617674704,35.71751664975908,0,2609.9135722121578,1,NORMAL
214,10.882142810255262,68.94990215408475,1,2328.778561394626,1,NORMAL
225,8.882426478082476,75.35326760445,0,1998.545957568557,1,NORMAL
234,13.227890074829793,61.70728737464442,1,3095.3262775101716,1,NORMAL
227,11.827524130635897,48.08156220206709,1,2684.8479776543486,1,NORMAL
217,12.361658086771527,46.64109718854575,1,2682.4798048294215,1,NORMAL
239,5.916516580185468,67.95821233727516,1,1414.047462664327,1,NORMAL
218,8.64723685955775,68.76695683235641,1,1885.0976353835897,1,NORMAL
223,7.1423228906207274,59.09041362890873,0,1592.7380046084222,1,NORMAL
224,12.23892262579367,33.69328474294215,1,2741.5186681777823,1,NORMAL
224,7.279568441557439,62.59270323582648,0,1630.6233309088664,1,NORMAL
230,13.387740620269653,61.8414599445476,0,3079.1803426620204,1,NORMAL
220,8.026730685613913,40.90120966600104,0,1765.8807508350608,1,NORMAL
229,11.163778793784754,70.25803033257266,0,2556.5053437767087,1,NORMAL
214,6.957309947948939,70.4010771698087,1,1488.864328861073,1,NORMAL
228,8.654907102787,40.44820594885196,0,1973.318819435436,1,NORMAL
218,9.997821630477207,30.158103449371342,1,2179.525115444031,1,NORMAL
225,8.780459777865453,57.25428618695743,1,1975.6034500197268,1,NORMAL
237,13.049766500471616,71.98326178741516,1,3092.794660611773,1,NORMAL
232,14.888696439668292,68.88109915406133,0,3454.177574003044,-1,ANOMALY
239,11.126122769003075,66.13296460011338,1,2659.143341791735,1,NORMAL
220,5.783623767017472,69.89455743861745,1,1272.397228743844,1,NORMAL
219,7.428094107177938,58.12846333206842,0,1626.7526094719685,1,NORMAL
216,7.086995167729382,48.699344977321644,0,1530.7909562295465,1,NORMAL
219,7.103826993117916,60.0742525590867,1,1555.7381114928235,1,NORMAL
236,13.678149350025961,48.488675126173504,0,3228.043246606127,1,NORMAL
229,9.862346346507849,40.050870827119326,1,2258.477313350297,1,NORMAL
210,7.892431221145188,30.50269831989741,0,1657.4105564404895,-1,ANOMALY
211,5.136642052161287,76.83308603198927,0,1083.8314730060315,-1,ANOMALY
235,8.974175450038558,69.64411288648762,0,2108.9312307590612,1,NORMAL
237,14.415547858825512,50.55403210919462,1,3416.4848425416462,1,NORMAL
213,9.352608650488706,48.29993400057165,0,1992.1056425540944,1,NORMAL
238,9.677436386266034,51.35900562709709,1,2303.2298599313162,1,NORMAL
210,14.242131990768943,70.55650273828456,1,2990.847718061478,-1,ANOMALY
212,11.116739655892548,69.98170608234588,1,2356.7488070492204,1,NORMAL
230,11.232911588168092,60.93430036500935,0,2583.569665278661,1,NORMAL
220,10.174756990428515,50.59233398052429,1,2238.446537894273,1,NORMAL
215,12.012758723911722,67.57179864426885,1,2582.74312564102,1,NORMAL
240,9.803321750238979,66.05799733245084,1,2352.797220057355,1,NORMAL
223,11.602067644646514,42.74951420617003,1,2587.2610847561727,1,NORMAL
214,13.00758383190839,75.61622973386717,0,2783.6229400283955,1,NORMAL
215,14.66875184553457,57.51799864975815,1,3153.781646789933,1,NORMAL
233,11.767188646130993,35.514187368369065,1,2741.7549545485213,1,NORMAL
239,8.093224905442263,33.514985374712445,1,1934.2807524007007,-1,ANOMALY
224,11.909290120912566,53.644802411535295,0,2667.6809870844145,1,NORMAL
219,5.675129322085049,42.401663442561734,1,1242.8533215366258,1,NORMAL
234,11.103393209644162,68.76693312140033,1,2598.194011056734,1,NORMAL
233,5.985695604059877,63.169092804033475,1,1394.6670757459515,1,NORMAL
214,7.75933765255451,58.810791746466485,1,1660.4982576466653,1,NORMAL
238,7.874797737414898,70.01669527472747,1,1874.2018615047457,1,NORMAL
226,13.723108579282163,43.82562330288316,1,3101.422538917769,1,NORMAL
235,10.909124759219344,58.336615603753444,1,2563.644318416546,1,NORMAL
221,11.714971664954628,63.76912472787082,0,2589.0087379549727,1,NORMAL
231,6.944567970163095,32.16006336966201,1,1604.1952011076748,1,NORMAL
235,11.583911474868245,41.35384059635088,1,2722.2191965940374,1,NORMAL
223,13.632577104819333,46.37840994914446,0,3040.0646943747115,1,NORMAL
216,14.451892376276621,55.640489066274,0,3121.60875327575,1,NORMAL
235,6.117954352914636,53.44797928329152,1,1437.7192729349395,1,NORMAL
240,6.098794527558797,32.69719937932027,1,1463.7106866141114,-1,ANOMALY
223,10.672834946485466,77.04476633104078,1,2380.0421930662587,1,NORMAL
237,9.194468299481748,72.07811536414292,1,2179.0889869771745,1,NORMAL
212,8.933763834421836,65.35131765088414,1,1893.9579328974291,1,NORMAL
238,13.009870017669016,31.293331814298813,0,3096.3490642052257,1,NORMAL
216,11.287957326560363,67.32396946088558,1,2438.1987825370384,1,NORMAL
232,6.7533605772949805,51.54677727247997,0,1566.7796539324354,1,NORMAL
210,11.5290756710458,53.76290984144485,1,2421.1058909196177,1,NORMAL
210,6.832727652263203,71.0157676287782,1,1434.8728069752726,1,NORMAL
217,10.38940348528739,49.55957825957269,1,2254.5005563073637,1,NORMAL
219,5.524417559507318,30.184023975912257,0,1209.8474455321027,-1,ANOMALY
221,11.149834604442361,70.34857843452723,0,2464.1134475817616,1,NORMAL
239,11.805771499714591,59.179988699873576,0,2821.5793884317873,1,NORMAL
221,7.122176399542512,55.74640273264531,0,1574.000984298895,1,NORMAL
213,5.697006549009036,59.870585354635004,0,1213.4623949389245,1,NORMAL
235,5.015175474655128,58.885422041764464,0,1178.566236543955,-1,ANOMALY
227,9.460621153130152,38.562856546685495,1,2147.5610017605445,1,NORMAL
224,6.9530081013210285,55.58132793389194,1,1557.4738146959103,1,NORMAL
232,12.047983105953662,72.14929248643091,1,2795.1320805812497,1,NORMAL
223,5.326252001349779,78.60060419631711,0,1187.7541963010008,1,NORMAL
237,14.182962631739997,34.55215311010108,0,3361.362143722379,1,NORMAL
223,11.477024607895096,32.61542843919246,0,2559.3764875606066,1,NORMAL
227,12.892721475488411,59.81182013565217,1,2926.647774935869,1,NORMAL
218,6.580241374605178,45.83069524516604,0,1434.4926196639287,1,NORMAL
223,5.528328510200574,50.40212146285908,1,1232.817257774728,1,NORMAL
213,13.529832337824653,67.2595244873464,1,2881.854287956651,1,NORMAL
213,13.527374357257479,42.12087617476624,1,2881.330738095843,1,NORMAL
221,6.452457922692103,41.88966352772245,0,1425.9932009149547,1,NORMAL
215,12.025298487738603,45.33993744994908,1,2585.4391748637995,1,NORMAL
229,5.086684507861566,58.682660839969444,0,1164.8507523002986,1,NORMAL
234,8.53619441682394,38.554786518350035,1,1997.4694935368022,1,NORMAL
234,14.427483467272632,74.3701280191964,0,3376.031131341796,1,NORMAL
231,14.830091116387111,54.1388633855875,0,3425.751047885423,1,NORMAL
213,12.375978640244801,30.91936682183854,1,2636.0834503721426,1,NORMAL
212,6.075949766832633,56.28700384253467,0,1288.1013505685182,1,NORMAL
240,5.054919577736632,45.7556410768375,1,1213.1806986567917,-1,ANOMALY
235,7.076405413148905,30.028777819641856,0,1662.9552720899926,1,NORMAL
236,9.094830836651022,57.27707811544147,0,2146.3800774496412,1,NORMAL
221,11.558051036915394,42.11638125767301,0,2554.329279158302,1,NORMAL
215,5.157444716098566,76.52715910320482,1,1108.8506139611918,-1,ANOMALY
218,14.872191194525303,32.3073717941934,0,3242.137680406516,-1,ANOMALY
231,5.65810782278173,35.33411529012328,1,1307.0229070625796,1,NORMAL
237,9.032117721884106,69.2340578009382,0,2140.611900086533,1,NORMAL
213,10.649055346707238,72.59495731924162,1,2268.2487888486417,1,NORMAL
210,8.800329370153289,40.34041741399097,0,1848.0691677321906,1,NORMAL
225,6.1668428339705805,47.037192152167265,0,1387.5396376433807,1,NORMAL
228,12.415202755089009,67.25997043012276,1,2830.666228160294,1,NORMAL
232,14.388395556826524,75.63040714466005,0,3338.1077691837536,1,NORMAL
239,12.926743064782634,50.89199661751281,1,3089.4915924830498,1,NORMAL
230,14.634236915517175,76.75272168386718,1,3365.87449056895,-1,ANOMALY
232,13.357502947913583,46.551992768063386,0,3098.940683915951,1,NORMAL
228,6.552189829816068,47.41527677002013,0,1493.8992811980634,1,NORMAL
219,8.33712963932567,63.121673308667916,0,1825.8313910123218,1,NORMAL
210,5.692919786962184,68.04653973316326,0,1195.5131552620587,1,NORMAL
224,11.840705513267501,54.29598685698626,1,2652.3180349719205,1,NORMAL
239,14.792120692264321,57.65793281416633,0,3535.316845451173,-1,ANOMALY
240,10.03140048758073,61.66806486101703,0,2407.536117019375,1,NORMAL
212,11.175664133052715,34.29075266545894,0,2369.2407962071757,1,NORMAL
235,9.08823021177582,74.47641091842644,1,2135.7340997673177,1,NORMAL
222,11.795711659408997,68.52560316149265,0,2618.6479883887973,1,NORMAL
226,11.292145205551984,69.69965811157442,1,2552.0248164547484,1,NORMAL
217,9.607956882106757,36.28253053256709,1,2084.9266434171664,1,NORMAL
216,8.487553692316485,57.76019404111883,1,1833.3115975403607,1,NORMAL
230,7.446805594827377,67.93654538618864,0,1712.7652868102966,1,NORMAL
221,14.671753586784746,57.97276546937244,1,3242.457542679429,1,NORMAL
225,12.828825434238919,67.66733687119925,1,2886.485722703757,1,NORMAL
220,8.8935360625314,53.58760776819142,0,1956.577933756908,1,NORMAL
229,10.910555920375486,37.02474535374197,0,2498.5173057659863,1,NORMAL
238,14.11931488708807,58.55219470055765,0,3360.3969431269607,1,NORMAL
211,5.741716569403799,45.416281248931114,1,1211.5021961442017,1,NORMAL
211,13.697837772996209,64.44586793109599,0,2890.2437701022,1,NORMAL
219,8.865197942118586,68.12656138540822,1,1941.4783493239704,1,NORMAL
235,10.92324645951303,52.647135711466404,0,2566.962917985562,1,NORMAL
232,12.890923720712241,55.76182882896239,0,2990.69430320524,1,NORMAL
236,13.716824974821225,48.366443577788864,0,3237.170694057809,1,NORMAL
238,9.420847157829389,47.52284382796362,1,2242.1616235633946,1,NORMAL
212,13.248405821951065,71.61486169609122,1,2808.6620342536257,1,NORMAL
240,11.645941501426814,41.68372559871123,1,2795.025960342435,1,NORMAL
210,10.419463803031354,69.35417001226324,0,2188.087398636584,1,NORMAL
239,13.382341969852229,79.20393339468046,0,3198.379730794683,-1,ANOMALY
227,7.82033558214252,30.567230757936933,1,1775.216177146352,1,NORMAL
227,10.318771952507971,58.119725441061554,0,2342.3612332193093,1,NORMAL
211,5.994239172622816,51.55583184084229,0,1264.784465423414,1,NORMAL
212,10.913708070760329,79.04206336072411,1,2313.7061110011896,1,NORMAL
227,5.006435009624726,75.51109728736442,1,1136.4607471848128,-1,ANOMALY
224,8.4965008175438,44.807678543208596,0,1903.2161831298113,1,NORMAL
222,11.51778008070651,78.52462457043782,1,2556.9471779168452,1,NORMAL
215,7.850119502403706,79.12014455567336,1,1687.7756930167966,1,NORMAL
233,6.5487596559004055,56.19397448513398,1,1525.8609998247946,1,NORMAL
232,12.71321764603286,35.45374893455446,0,2949.466493879623,1,NORMAL
219,9.335180242635218,47.02500597639292,1,2044.4044731371127,1,NORMAL
220,10.25411618028048,72.46807055362885,1,2255.9055596617054,1,NORMAL
212,8.420982166952236,58.51314134337272,0,1785.248219393874,1,NORMAL
228,10.661491627343228,41.06666316315765,1,2430.820091034256,1,NORMAL
210,13.0935009188619,41.09816078554752,0,2749.6351929609987,1,NORMAL
226,10.321076917113619,30.132013802896232,0,2332.5633832676776,1,NORMAL
227,6.504195452328418,76.13894281343931,0,1476.4523676785507,1,NORMAL
210,6.792291492222921,45.39817703444392,1,1426.3812133668134,1,NORMAL
226,13.859183660473649,37.269137608198946,0,3132.175507267045,1,NORMAL
211,9.67981521014472,36.96256805066072,1,2042.441009340536,1,NORMAL
217,12.847521960139739,46.77849961665419,0,2787.912265350323,1,NORMAL
223,6.652415811216144,69.1478573113873,1,1483.4887259012,1,NORMAL
211,9.868578602624781,78.1031874503276,1,2082.270085153829,1,NORMAL
213,13.227800322172158,63.287839573422204,0,2817.5214686226695,1,NORMAL
225,10.849799059124736,61.79853139452541,1,2441.2047883030655,1,NORMAL
235,10.07154579990288,64.22152208937807,0,2366.8132629771767,1,NORMAL
210,12.148227723842009,36.71073193861956,0,2551.127822006822,1,NORMAL
218,9.328243727842052,49.283559901810406,1,2033.5571326695674,1,NORMAL
217,9.348640795769699,33.462814529294036,1,2028.6550526820247,1,NORMAL
224,13.36768326640147,35.16176378381544,1,2994.361051673929,1,NORMAL
235,14.5504081004798,63.5650099519506,0,3419.345903612753,1,NORMAL
210,14.520985066784608,38.60192421780319,1,3049.4068640247674,-1,ANOMALY
222,10.263993692875054,72.42491913249945,1,2278.606599818262,1,NORMAL
231,13.745588464218983,72.14950722768182,0,3175.230935234585,1,NORMAL
216,12.775540412811495,70.8021640999624,1,2759.516729167283,1,NORMAL
221,14.255199680831288,78.76064393448189,1,3150.3991294637144,1,NORMAL
222,10.937540417406513,55.294853320657666,1,2428.133972664246,1,NORMAL
238,7.7268407263062855,57.71721140282082,1,1838.988092860896,1,NORMAL
219,13.738848154909023,56.781406565295626,1,3008.8077459250762,1,NORMAL
230,12.271107789313197,63.48592388333723,0,2822.3547915420354,1,NORMAL
215,5.850963756863416,59.80872026529497,1,1257.9572077256344,1,NORMAL
226,12.86537626913822,62.06021817611468,0,2907.575036825238,1,NORMAL
231,8.852987336956243,46.66785374817701,0,2045.0400748368922,1,NORMAL
232,5.937848299628684,76.17709166035128,0,1377.5808055138548,1,NORMAL
240,5.007382451125326,68.83421216067231,0,1201.7717882700783,-1,ANOMALY
218,13.345869773697745,52.42091069122756,0,2909.3996106661084,1,NORMAL
232,9.10825146190298,67.7298140785552,0,2113.1143391614914,1,NORMAL
211,11.065152698454957,72.68311041501252,1,2334.747219373996,1,NORMAL
225,9.649637368965081,34.69165087752545,0,2171.168408017143,1,NORMAL
233,6.165803188372992,72.29365714167045,1,1436.6321428909073,1,NORMAL
210,9.23096633763562,48.140755774073725,1,1938.50293090348,1,NORMAL
219,10.05539637516154,36.080860076114654,1,2202.131806160377,1,NORMAL
228,12.26767840197082,75.9364142289887,0,2797.030675649347,1,NORMAL
215,5.368559063863488,43.336576403710474,0,1154.24019873065,1,NORMAL
236,14.904512672905136,38.65955898124654,0,3517.464990805612,-1,ANOMALY
224,8.56071467660307,53.61618130084379,0,1917.6000875590876,1,NORMAL
220,10.184429103859035,31.873129741412193,1,2240.5744028489876,1,NORMAL
219,8.024837350846408,39.67158248018062,1,1757.4393798353633,1,NORMAL
229,7.767191940308864,65.55326726601979,1,1778.6869543307298,1,NORMAL
240,14.532681872489484,40.92304379903954,0,3487.843649397476,-1,ANOMALY
222,8.368563452029932,75.20934951624045,1,1857.821086350645,1,NORMAL
224,7.576014365676709,71.21576950382108,0,1697.0272179115827,1,NORMAL
229,5.611929946358261,43.862832363361356,0,1285.1319577160418,1,NORMAL
231,8.869156537642546,60.65049492511235,1,2048.7751601954283,1,NORMAL
212,6.2706876874902315,78.69080719087181,0,1329.385789747929,1,NORMAL
234,11.31189856915404,41.87003937128102,0,2646.9842651820454,1,NORMAL
230,7.176594790194477,59.205508085206,0,1650.6168017447296,1,NORMAL
235,7.935813819928525,79.76799368362504,0,1864.9162476832032,1,NORMAL
218,12.731384071518832,51.49359135008323,0,2775.4417275911055,1,NORMAL
239,12.270232094602877,32.654843296906265,1,2932.5854706100877,1,NORMAL
217,8.84951798316646,47.83931572859593,0,1920.345402347122,1,NORMAL
238,8.923742717162803,77.35937759577324,0,2123.850766684747,1,NORMAL
224,14.19746387894899,49.93130531647746,1,3180.231908884574,1,NORMAL
222,11.450018865670277,56.90374544191379,0,2541.9041881788016,1,NORMAL
210,7.8015496597767235,30.5946349479579,0,1638.325428553112,-1,ANOMALY
211,10.669388687367556,35.581754790839,1,2251.2410130345543,1,NORMAL
227,14.919519638318068,43.36381926956858,0,3386.7309578982013,1,NORMAL
213,13.386499606217102,47.80229260710989,0,2851.324416124243,1,NORMAL
233,13.733939997202247,65.06820891566684,0,3200.0080193481235,1,NORMAL
235,6.289796002236887,78.59966336962322,1,1478.1020605256685,1,NORMAL
239,9.284657303422454,49.869104713171744,1,2219.0330955179666,1,NORMAL
210,8.54354800951391,36.862470654247595,0,1794.145081997921,1,NORMAL
232,11.83795370243903,37.58266842367017,1,2746.405258965855,1,NORMAL
210,14.798421985103825,63.69927127385606,1,3107.6686168718034,-1,ANOMALY
223,6.74533323532278,61.20166758070079,1,1504.20931147698,1,NORMAL
219,8.775028352001478,33.78505793126354,1,1921.7312090883236,1,NORMAL
231,14.712493886856702,44.16514775460417,0,3398.5860878638982,1,NORMAL
211,12.832872639780888,45.1056164034047,0,2707.7361269937674,1,NORMAL
238,11.980485652936872,34.16540249936554,0,2851.3555853989756,1,NORMAL
215,13.9257966724775,79.75649014997856,1,2994.0462845826623,1,NORMAL
213,7.271198575023679,71.42506858953863,0,1548.7652964800436,1,NORMAL
217,14.206298406240268,46.47274363550546,1,3082.766754154138,1,NORMAL
219,6.861255028857686,71.68349079393874,0,1502.6148513198332,1,NORMAL
216,14.53727802029571,45.34014565822538,0,3140.0520523838736,1,NORMAL
215,6.26956157709202,46.550067254329704,1,1347.9557390747843,1,NORMAL
214,9.345924836724127,37.82693607122264,1,2000.0279150589631,1,NORMAL
233,7.175276353365959,33.88652545207746,0,1671.8393903342685,1,NORMAL
236,6.495420314107517,51.53346507294708,0,1532.919194129374,1,NORMAL
230,5.970227686984852,35.99467389961258,1,1373.1523680065159,1,NORMAL
213,12.940838971212324,60.35951970153074,0,2756.398700868225,1,NORMAL
215,10.918246133984246,50.380482656181464,0,2347.422918806613,1,NORMAL
218,9.798351083031562,40.78591181706686,0,2136.0405361008807,1,NORMAL
237,12.5734139876676,51.47495416237214,1,2979.8991150772213,1,NORMAL
223,5.136959169401617,37.0524987152971,1,1145.5418947765606,1,NORMAL
232,5.097920219328302,41.01163674435128,1,1182.7174908841662,1,NORMAL
229,11.362441842284511,58.857835697068666,1,2601.999181883153,1,NORMAL
231,11.97508960412085,60.062139979525526,1,2766.245698551916,1,NORMAL
239,9.128506081647284,49.44414833067742,0,2181.712953513701,1,NORMAL
234,10.322180094249251,35.756308787417844,0,2415.3901420543248,1,NORMAL
225,6.258709846676906,74.88615108742049,0,1408.2097155023039,1,NORMAL
215,10.304319840173314,39.7820376179323,0,2215.4287656372626,1,NORMAL
226,10.59038967015584,74.5766593105879,0,2393.42806545522,1,NORMAL
215,13.21141559726835,32.82669312863476,1,2840.454353412695,1,NORMAL
236,13.590115031967665,57.365504313966724,0,3207.267147544369,1,NORMAL
221,5.190475053182872,56.48005292297968,1,1147.0949867534146,1,NORMAL
237,11.807741491039241,38.72993933692766,1,2798.4347333763003,1,NORMAL
214,8.910407547747404,64.61003178491725,0,1906.8272152179445,1,NORMAL
236,12.839406640987079,39.09940895294589,1,3030.0999672729504,1,NORMAL
227,5.798707550768567,71.14993281736638,1,1316.3066140244648,1,NORMAL
237,11.81207826286564,66.37378043886909,1,2799.462548299157,1,NORMAL
239,10.370976061619018,48.86896878322207,1,2478.6632787269455,1,NORMAL
228,8.898004610078507,46.17907073288402,1,2028.7450510978997,1,NORMAL
236,11.68489279083525,54.66867328379803,0,2757.634698637119,1,NORMAL
225,11.10043107188268,66.43991785422439,1,2497.596991173603,1,NORMAL
223,6.400388997471284,55.873893671999426,1,1427.2867464360963,1,NORMAL
212,8.649945669543081,58.18024529106268,0,1833.7884819431333,1,NORMAL
230,11.711090744893054,39.03552779853341,0,2693.5508713254026,1,NORMAL
221,12.028872431750347,43.635388669552505,1,2658.380807416827,1,NORMAL
217,5.610878790726291,45.78518999372588,0,1217.560697587605,1,NORMAL
215,10.617450089270116,35.11825331504869,0,2282.7517691930752,1,NORMAL
214,6.840266028918295,39.14315986874104,1,1463.8169301885152,1,NORMAL
237,6.123643944416298,39.18415081119676,1,1451.3036148266626,1,NORMAL
228,10.323429689590515,31.229737273166336,0,2353.7419692266376,1,NORMAL
233,6.526186280111089,54.62223620640553,1,1520.6014032658838,1,NORMAL
218,11.08795745947887,50.5248614933524,0,2417.1747261663936,1,NORMAL
212,10.3503257985817,75.08150992948006,1,2194.2690692993206,1,NORMAL
222,10.70003395476931,54.8339485463578,0,2375.4075379587866,1,NORMAL
220,13.148306988744508,54.07450864437166,0,2892.627537523792,1,NORMAL
234,13.653111987800767,62.61786371437846,0,3194.8282051453793,1,NORMAL
222,6.39818863724744,76.75274536365976,0,1420.3978774689317,1,NORMAL
240,12.302262292243327,76.63392281054175,1,2952.5429501383987,1,NORMAL
233,7.568688736326643,76.03891732699188,0,1763.504475564108,1,NORMAL
228,5.160571656560368,58.505913223165635,1,1176.610337695764,1,NORMAL
223,6.559277275779357,76.0075691518858,1,1462.7188324987967,1,NORMAL
220,12.845066542326418,72.30584692361931,0,2825.9146393118117,1,NORMAL
210,13.671619375452483,38.410818225442355,1,2871.0400688450213,1,NORMAL
227,14.053622463534355,68.68843834021898,0,3190.1722992222985,1,NORMAL
231,11.715347614773851,78.6502647618887,1,2706.2452990127595,1,NORMAL
219,10.294740861350524,33.283070947909785,1,2254.5482486357646,1,NORMAL
220,14.457554251195806,68.12499930468653,1,3180.6619352630773,1,NORMAL
220,8.572170104965014,36.33616599804999,1,1885.8774230923032,1,NORMAL
218,11.76667443759694,53.45979347550879,1,2565.135027396133,1,NORMAL
217,11.936297004581132,63.262348069282346,0,2590.1764499941055,1,NORMAL
226,13.15353044912267,70.12228785890622,1,2972.6978815017233,1,NORMAL
218,9.9343410853646,32.010491089231564,1,2165.686356609483,1,NORMAL
221,5.154025697883507,47.83280197321159,1,1139.0396792322551,1,NORMAL
223,12.764363806005715,44.36849138287997,1,2846.4531287392742,1,NORMAL
226,14.615249612628965,57.015914220679136,1,3303.046412454146,1,NORMAL
226,6.303621661125734,75.92221110297915,0,1424.618495414416,1,NORMAL
215,12.935052119160598,77.611958904592,1,2781.0362056195286,1,NORMAL
223,5.690787589677885,45.531377884989226,0,1269.0456324981683,1,NORMAL
216,14.627475264934061,51.5388022982939,1,3159.534657225757,1,NORMAL
239,9.687302892472397,50.86357851907623,0,2315.265391300903,1,NORMAL
227,14.74502336322468,76.94804096604068,0,3347.1203034520026,-1,ANOMALY
213,12.446881925708379,72.47529382406091,1,2651.1858501758848,1,NORMAL
219,8.928599678094828,45.49877111529789,0,1955.3633295027673,1,NORMAL
233,11.993602363954086,59.789122441858666,1,2794.509350801302,1,NORMAL
236,6.5579219742252315,39.40463060678785,1,1547.6695859171546,1,NORMAL
236,6.363758903349322,70.53346983681732,0,1501.84710119044,1,NORMAL
230,12.99960474846548,33.774441895443445,0,2989.90909214706,1,NORMAL
224,7.237130133757614,33.00252579992407,1,1621.1171499617055,1,NORMAL
231,7.641185378153125,42.104071904077536,0,1765.113822353372,1,NORMAL
232,8.874960967510166,40.69170706551868,0,2058.9909444623586,1,NORMAL
214,10.85963898657676,37.644173777280095,0,2323.9627431274266,1,NORMAL
227,8.068781445458097,71.68469952874834,0,1831.613388118988,1,NORMAL
238,5.305958102049383,76.57786012572393,1,1262.8180282877531,-1,ANOMALY
239,9.320913532214954,73.62212925577059,1,2227.698334199374,1,NORMAL
213,13.731642007151363,59.51750248534944,1,2924.8397475232405,1,NORMAL
227,12.702965863520173,65.99033490929668,1,2883.573251019079,1,NORMAL
224,14.934409223926547,74.66575898302011,1,3345.3076661595464,-1,ANOMALY
214,9.046825184670801,74.55808817127718,0,1936.0205895195515,1,NORMAL
224,7.576723086864944,47.104074769152746,1,1697.1859714577474,1,NORMAL
216,12.69744672112856,41.18894630604788,1,2742.648491763769,1,NORMAL
222,5.756731973825856,66.13089887324887,0,1277.99449818934,1,NORMAL
240,5.519320002090438,39.19854094721558,0,1324.636800501705,-1,ANOMALY
221,6.157867493195659,78.03657913700795,1,1360.8887159962405,1,NORMAL
224,6.822806178401049,77.64052446922224,1,1528.308583961835,1,NORMAL
230,12.625740360336259,42.59224796478241,0,2903.9202828773396,1,NORMAL
224,13.18051519402281,69.19321069706609,0,2952.4354034611097,1,NORMAL
220,14.891585921509357,47.14941010490504,0,3276.1489027320586,1,NORMAL
234,14.912655678229074,50.05741083592564,1,3489.5614287056032,1,NORMAL
210,13.172018744202656,36.68419959499747,1,2766.1239362825577,1,NORMAL
211,9.579008196409774,55.8214733263243,0,2021.1707294424623,1,NORMAL
218,8.431279047190767,30.77532779514979,0,1838.0188322875872,1,NORMAL
233,8.92926200843785,57.316596779163255,0,2080.518047966019,1,NORMAL
233,5.365639925434401,35.89619938378938,0,1250.1941026262155,1,NORMAL
222,8.816728854120113,77.55622507928231,1,1957.313805614665,1,NORMAL
234,14.496433347475241,55.61457130074631,1,3392.1654033092063,1,NORMAL
219,5.19333604189978,59.78639946112536,1,1137.340593176052,1,NORMAL
223,6.523218957678093,78.2144833493499,1,1454.6778275622148,1,NORMAL
223,10.604644706140407,48.26853921253701,1,2364.835769469311,1,NORMAL
234,13.520529766992462,54.8826157372563,0,3163.803965476236,1,NORMAL
218,12.26044330514549,39.58019660879256,1,2672.7766405217167,1,NORMAL
221,6.504268358875524,39.57572535859404,0,1437.4433073114908,1,NORMAL
217,12.512040263462252,72.53531842404738,1,2715.1127371713087,1,NORMAL
238,12.284343286410754,36.39894347416542,0,2923.6737021657596,1,NORMAL
222,14.582636321477136,44.936208606361355,1,3237.345263367924,1,NORMAL
225,11.51962134517851,74.53123959552266,1,2591.914802665165,1,NORMAL
235,11.681284931371865,50.79432958242485,1,2745.1019588723884,1,NORMAL
218,5.795131219939905,47.41254826101284,0,1263.3386059468992,1,NORMAL
239,13.128960596224031,51.6099381659923,1,3137.8215824975437,1,NORMAL
218,10.952500083144708,72.80926534794708,0,2387.6450181255464,1,NORMAL
235,8.852741945897304,67.46806400529914,1,2080.394357285866,1,NORMAL
213,14.20971406111515,63.00353920641781,0,3026.669095017527,1,NORMAL
221,12.726779256142596,71.47523294992375,1,2812.618215607514,1,NORMAL
213,11.849920001223133,38.106289276383045,0,2524.0329602605275,1,NORMAL
238,10.708916543134023,67.6555069253127,1,2548.722137265898,1,NORMAL
238,5.769294397489643,42.4318441220224,1,1373.0920666025352,1,NORMAL
217,14.807188411105498,32.58690636867331,0,3213.159885209893,-1,ANOMALY
220,12.846715339039264,32.887374802237005,1,2826.277374588638,1,NORMAL
222,13.633184830702662,48.08010253903571,0,3026.567032415991,1,NORMAL
225,9.551528083538166,54.30800868164744,0,2149.0938187960874,1,NORMAL
221,12.225567485793347,50.83427463393915,0,2701.8504143603295,1,NORMAL
214,11.078564604584043,39.4013976281567,1,2370.8128253809855,1,NORMAL
228,5.723577500703509,48.21930636420848,1,1304.9756701603999,1,NORMAL
220,13.960587883268625,33.718568562475745,1,3071.3293343190976,1,NORMAL
226,9.17438953492706,45.200285702744864,0,2073.4120348935157,1,NORMAL
225,5.405120344391853,53.99959977851971,0,1216.152077488167,1,NORMAL
235,12.813466611377596,61.82993910804763,0,3011.164653673735,1,NORMAL
216,7.054928645022512,42.202117296171224,1,1523.8645873248627,1,NORMAL
238,7.977225659526707,38.23585456998992,0,1898.5797069673563,1,NORMAL
213,9.085597546255455,39.0614723486042,0,1935.232277352412,1,NORMAL
234,7.863995572770461,46.34152742747993,0,1840.174964028288,1,NORMAL
221,11.833547896296801,30.033737882249106,0,2615.214085081593,1,NORMAL
226,5.302898328117783,62.527732214544514,1,1198.455022154619,1,NORMAL
222,11.913727250913688,71.49451658214514,1,2644.8474497028387,1,NORMAL
240,5.357638520012861,62.48706572999096,1,1285.8332448030867,1,NORMAL
229,9.801800059167348,55.16589494791893,0,2244.612213549323,1,NORMAL
222,13.908716206282257,63.15951755882051,0,3087.734997794661,1,NORMAL
215,7.833072234576587,55.66411392984027,0,1684.1105304339662,1,NORMAL
210,8.201151805478824,34.933057046240464,1,1722.2418791505531,1,NORMAL
226,9.664225727396415,36.4539229807659,0,2184.1150143915897,1,NORMAL
222,9.88053553265597,34.17026998120803,1,2193.478888249625,1,NORMAL
234,13.22988710519964,67.90197961910508,1,3095.793582616716,1,NORMAL
219,12.439177789153,64.12505610073738,1,2724.179935824507,1,NORMAL
224,8.430379973654007,34.2557441041099,0,1888.4051140984977,1,NORMAL
222,7.72980608522849,60.76675373116193,0,1716.0169509207249,1,NORMAL
229,13.708282737055379,66.13933492749467,1,3139.1967467856816,1,NORMAL
219,12.659053508984291,40.43601354815565,1,2772.33271846756,1,NORMAL
240,11.482547756907532,59.01353771487594,0,2755.8114616578077,1,NORMAL
228,5.614774201840205,32.500337417941516,0,1280.1685180195666,1,NORMAL
218,8.048529123843158,40.19396469805271,1,1754.5793489978084,1,NORMAL
240,14.983833087497523,51.047434181459955,1,3596.1199409994056,-1,ANOMALY
213,9.935173077150601,47.52162948226463,1,2116.191865433078,1,NORMAL
233,8.683412417745602,68.73093609794518,1,2023.2350933347254,1,NORMAL
220,9.825172915177422,76.78365938667304,0,2161.538041339033,1,NORMAL
216,9.912888888505796,49.55744410216293,1,2141.183999917252,1,NORMAL
239,10.903221620500911,51.07889342635528,0,2605.8699672997177,1,NORMAL
218,13.463714058991664,40.32899148976229,0,2935.089664860183,1,NORMAL
222,10.496515894915625,68.70336692433112,1,2330.2265286712686,1,NORMAL
213,14.715487348559396,67.91707437874351,1,3134.3988052431514,1,NORMAL
221,12.495882793940655,31.389922650475988,0,2761.590097460885,1,NORMAL
223,11.319712293562965,79.10268309073803,0,2524.2958414645414,1,NORMAL
212,13.740381317936276,40.44910671859263,0,2912.9608394024904,1,NORMAL
238,11.652340469237977,61.37892785278814,1,2773.2570316786387,1,NORMAL
231,11.146261907212761,47.13232013922523,1,2574.786500566148,1,NORMAL
210,13.119795783413302,66.236818403482,0,2755.1571145167936,1,NORMAL
217,6.682493738649492,34.00149372965139,0,1450.1011412869398,1,NORMAL
224,9.37363084049686,61.85467412574278,1,2099.6933082712967,1,NORMAL
213,10.845657827818611,73.04404002686056,0,2310.125117325364,1,NORMAL
226,8.285145829329954,59.681006086017625,0,1872.4429574285696,1,NORMAL
223,12.093742365560875,58.553697673740984,0,2696.904547520075,1,NORMAL
222,10.554408117242975,51.833928705289445,0,2343.0786020279406,1,NORMAL
233,7.151881858405055,40.59396395671287,0,1666.3884730083778,1,NORMAL
236,14.060718846739062,51.197507390497115,0,3318.3296478304187,1,NORMAL
237,7.606199064074715,78.19433478155986,0,1802.6691781857073,1,NORMAL
220,6.890618912931257,61.55206370450716,0,1515.9361608448764,1,NORMAL
221,10.03094093958135,49.18588013328965,0,2216.8379476474784,1,NORMAL
225,8.396089253310889,33.32723163069473,1,1889.12008199495,1,NORMAL
237,7.725252312913175,34.37576564723477,0,1830.8847981604224,1,NORMAL
235,9.571794070534999,54.34660083342865,0,2249.371606575725,1,NORMAL
222,7.193283537068469,70.12633018681314,0,1596.9089452292,1,NORMAL
222,5.62194747536771,63.92640867911646,1,1248.0723395316315,1,NORMAL
240,10.70187090471208,46.00198043582647,0,2568.4490171308994,1,NORMAL
221,14.088385859602097,40.08684157994594,1,3113.5332749720633,1,NORMAL
221,12.038004340979326,38.86686986186778,0,2660.398959356431,1,NORMAL
234,13.049726771502359,51.51144672615145,0,3053.6360645315517,1,NORMAL
222,14.386789831187892,69.07436030653014,1,3193.867342523712,1,NORMAL
226,11.239126047033315,62.80910961520753,0,2540.0424866295293,1,NORMAL
214,8.015995358259163,78.77770794292374,1,1715.4230066674609,1,NORMAL
240,11.627703130324445,64.43843024982462,0,2790.6487512778667,1,NORMAL
220,8.945789165735652,46.30576611999919,1,1968.0736164618436,1,NORMAL
234,12.446855212915022,35.67500257654828,1,2912.564119822115,1,NORMAL
232,8.104207330285961,49.72376698179316,0,1880.176100626343,1,NORMAL
229,12.806111426879724,44.05025734133497,1,2932.599516755457,1,NORMAL
212,10.278702067763355,74.0161377068088,0,2179.0848383658313,1,NORMAL
225,13.22187047534279,45.678556434497715,1,2974.920856952128,1,NORMAL
238,14.04301128409544,39.744652279757425,1,3342.236685614715,1,NORMAL
215,9.848666295817225,62.5860450154681,1,2117.4632536007034,1,NORMAL
211,10.997346382268965,47.43396420975856,0,2320.4400866587516,1,NORMAL
225,14.93335755506582,40.604963684418294,0,3360.0054498898094,1,NORMAL
234,5.542415446589174,79.29263334576419,1,1296.9252145018665,1,NORMAL
216,14.787683541828414,58.732788031191355,1,3194.1396450349375,1,NORMAL
227,11.071813204531532,75.72697162266607,1,2513.3015974286577,1,NORMAL
229,10.336550045217491,39.74082230773691,1,2367.0699603548055,1,NORMAL
228,9.82992626034559,52.17794638557746,1,2241.223187358795,1,NORMAL
219,7.647069985509307,78.59725409795439,0,1674.7083268265383,1,NORMAL
216,12.293085749133779,35.96789002016976,0,2655.3065218128963,1,NORMAL
222,12.69594329800069,52.871329024568226,0,2818.499412156153,1,NORMAL
236,8.573714780746823,33.65124367951204,1,2023.3966882562502,1,NORMAL
232,6.686190210722144,31.466790117549284,0,1551.1961288875373,1,NORMAL
221,9.2284296775216,44.90232279994022,1,2039.4829587322736,1,NORMAL
225,13.839487337421145,78.10225732174405,0,3113.884650919758,1,NORMAL
221,12.820482854813775,39.38591634137919,0,2833.326710913844,1,NORMAL
230,9.862630797586672,48.415723671216725,0,2268.4050834449345,1,NORMAL
220,14.638483686844097,77.30437656294018,1,3220.4664111057014,-1,ANOMALY
231,7.15726005442659,77.97661223030408,0,1653.3270725725424,1,NORMAL
220,6.107175617833035,47.387327455579914,0,1343.5786359232677,1,NORMAL
211,14.346786174496048,58.08640532478594,1,3027.171882818666,1,NORMAL
220,14.530852457940274,55.39265865527468,0,3196.78754074686,1,NORMAL
235,14.854219727644459,42.062788529549685,1,3490.7416359964477,-1,ANOMALY
218,11.283839106300466,56.59696256072268,0,2459.8769251735016,1,NORMAL
238,11.031337849707016,67.50121486254031,0,2625.45840823027,1,NORMAL
214,12.56700678558633,74.88483084662079,1,2689.3394521154746,1,NORMAL
221,14.629478738540975,33.82386683796323,1,3233.1148012175554,1,NORMAL
230,8.151731446095994,33.18944780549552,0,1874.8982326020787,1,NORMAL
225,13.440497107549126,69.10994354347207,1,3024.1118491985535,1,NORMAL
238,8.015505670158575,66.57060658622432,1,1907.690349497741,1,NORMAL
218,13.45810615471148,50.8351219933731,0,2933.8671417271025,1,NORMAL
233,6.616768988894799,31.69738392506971,1,1541.7071744124883,1,NORMAL
210,9.080517988163566,42.440534157772376,1,1906.9087775143487,1,NORMAL
228,11.964417011934799,63.70531930257792,0,2727.887078721134,1,NORMAL
221,5.907427877035843,54.65206584659836,1,1305.5415608249214,1,NORMAL
240,7.338035082843005,66.74042939308148,0,1761.1284198823212,1,NORMAL
230,14.80697207668502,41.17017768175271,1,3405.6035776375543,1,NORMAL
227,12.006917714706042,79.08501509952603,1,2725.5703212382714,1,NORMAL
211,8.783691394553596,44.9492892319672,0,1853.3588842508088,1,NORMAL
228,7.616962908563172,72.08589062939515,1,1736.6675431524034,1,NORMAL
217,6.415160405041863,35.13911055910007,1,1392.0898078940843,1,NORMAL
239,5.735471761806822,45.21911640525826,1,1370.7777510718304,1,NORMAL
235,6.51929694777169,31.612608454479496,1,1532.0347827263472,1,NORMAL
234,8.48885669722852,34.48871770949597,0,1986.3924671514737,1,NORMAL
225,13.347291483053667,78.95157853591988,1,3003.140583687075,1,NORMAL
232,8.656017782310597,36.20300944637597,1,2008.1961254960586,1,NORMAL
233,5.72231898950891,49.92695669864237,1,1333.300324555576,1,NORMAL
228,12.08500536246483,62.21340381016308,0,2755.3812226419814,1,NORMAL
229,7.25477034511817,78.73495036467213,1,1661.342409032061,1,NORMAL
240,6.760116912584746,50.381817573902595,0,1622.4280590203389,1,NORMAL
222,8.601939031341661,40.32710864739608,0,1909.6304649578487,1,NORMAL
212,14.373646662674886,37.16299252833671,0,3047.2130924870758,1,NORMAL
238,11.398787997253548,45.58131616363879,1,2712.9115433463444,1,NORMAL
231,12.567669105303242,42.88823990823797,1,2903.131563325049,1,NORMAL
237,13.274949271778357,69.01701956070485,1,3146.162977411471,1,NORMAL
233,6.1646989156864604,35.109352674009614,0,1436.3748473549454,1,NORMAL
226,13.406958844344393,55.22327149251079,0,3029.9726988218326,1,NORMAL
232,5.892380727988701,62.21325242260907,0,1367.0323288933785,1,NORMAL
236,8.515076237165147,58.75456953555367,0,2009.5579919709746,1,NORMAL
213,10.988953409494599,32.756777106019,0,2340.6470762223494,1,NORMAL
226,7.030611673304056,40.69499446389539,1,1588.9182381667165,1,NORMAL
213,9.701253178767832,71.21060683013695,1,2066.366927077548,1,NORMAL
224,14.242314698499138,36.17416971787952,1,3190.2784924638067,1,NORMAL
240,13.042341545974567,56.52124465769164,1,3130.161971033896,1,NORMAL
230,6.850005799269667,64.6653713356836,1,1575.5013338320234,1,NORMAL
234,14.238683476645376,60.87554910259768,1,3331.851933535018,1,NORMAL
222,7.580037126456323,32.999840410596036,1,1682.7682420733036,1,NORMAL
222,14.672056534766377,40.04384225302249,0,3257.1965507181358,1,NORMAL
227,11.669974728100975,63.768739086172616,0,2649.0842632789213,1,NORMAL
232,12.949721123472807,40.20097312793581,1,3004.3353006456914,1,NORMAL
215,13.42120565710686,42.477585378331405,0,2885.559216277975,1,NORMAL
210,10.027453680570023,62.42439180273896,1,2105.765272919705,1,NORMAL
239,8.419947324099093,70.44669284813136,0,2012.3674104596832,1,NORMAL
232,8.831928581147984,48.515628460326774,0,2049.0074308263324,1,NORMAL
223,11.902062426744786,62.49033799826985,0,2654.1599211640873,1,NORMAL
233,10.666854906780312,39.12661684302732,1,2485.3771932798127,1,NORMAL
213,12.494788938184971,34.84131061186086,0,2661.390043833399,1,NORMAL
223,11.482098640857254,62.51822406733778,0,2560.5079969111675,1,NORMAL
232,10.93124963703082,43.64654929994691,1,2536.0499157911504,1,NORMAL
231,14.194662640972727,65.98392873501163,0,3278.9670700647,1,NORMAL
233,9.937261655452211,78.8099495957938,1,2315.3819657203653,1,NORMAL
226,7.624533972113556,32.19404948142845,1,1723.1446776976638,1,NORMAL
231,12.525064236954483,32.363397403607905,0,2893.2898387364858,1,NORMAL
212,7.7340804345538885,67.16274355437707,1,1639.6250521254244,1,NORMAL
227,10.154439068163638,67.88172394729281,0,2305.057668473146,1,NORMAL
224,12.88918089764472,32.01527488633293,1,2887.1765210724175,1,NORMAL
221,13.69443561739519,49.73072193651862,1,3026.470271444337,1,NORMAL
229,13.11584394229573,49.29956308329916,1,3003.528262785722,1,NORMAL
217,6.131006480527876,49.272633597007456,1,1330.4284062745492,1,NORMAL
224,5.052012593395931,52.56401479390965,0,1131.6508209206886,1,NORMAL
211,6.629202848816548,34.02748701016584,1,1398.7618011002917,1,NORMAL
222,5.75245074674114,67.17664140945246,1,1277.044065776533,1,NORMAL
212,7.4397632129445785,78.73418214279977,0,1577.2298011442506,1,NORMAL
210,10.112514237648064,41.225118537537654,1,2123.6279899060933,1,NORMAL
221,6.7640108658809295,75.77660019716376,0,1494.8464013596854,1,NORMAL
237,13.29057232646204,36.495164964341164,0,3149.8656413715034,1,NORMAL
226,13.302912436049555,49.904861864697054,1,3006.4582105471995,1,NORMAL
222,5.49145949195626,36.88232239777004,1,1219.1040072142896,1,NORMAL
221,9.015800727559917,45.88525893194503,1,1992.4919607907416,1,NORMAL
238,11.927020124109234,68.5462263040991,0,2838.6307895379978,1,NORMAL
215,6.548179925958203,63.82334895619816,0,1407.8586840810135,1,NORMAL
216,7.700953968893737,64.51299031628517,1,1663.4060572810472,1,NORMAL
237,14.893307871521626,52.580990132251046,0,3529.7139655506253,-1,ANOMALY
234,14.83754542772122,64.88231011869857,0,3471.9856300867655,1,NORMAL
221,8.861537825609487,65.78380635824249,1,1958.3998594596965,1,NORMAL
233,12.632995775910903,38.36528614013488,0,2943.4880157872403,1,NORMAL
219,7.274543553053064,58.36276664244025,1,1593.125038118621,1,NORMAL
226,13.984115446349023,57.76853401346693,0,3160.410090874879,1,NORMAL
217,7.359755290074982,31.940182045753737,0,1597.066897946271,1,NORMAL
217,7.075738180745042,64.76928573000397,1,1535.4351852216741,1,NORMAL
219,13.863388310541792,78.03304188111815,1,3036.0820400086523,1,NORMAL
237,9.737501362376719,57.018303221497916,1,2307.7878228832824,1,NORMAL
239,7.943257480349009,51.789795103595615,1,1898.438537803413,1,NORMAL
212,7.545534396761257,77.34734993130846,0,1599.6532921133864,1,NORMAL
237,10.10438368514265,72.61852807099504,1,2394.7389333788083,1,NORMAL
238,13.28599621174648,36.69556782245388,0,3162.0670983956625,1,NORMAL
225,8.319778461825603,32.76493031740621,1,1871.9501539107607,1,NORMAL
216,10.26091649454516,45.779248536342784,0,2216.3579628217544,1,NORMAL
222,14.774591043743769,78.6188876608854,1,3279.9592117111165,-1,ANOMALY
236,11.214926720436047,52.30892525399989,1,2646.722706022907,1,NORMAL
216,7.93674706516076,61.619002270709174,1,1714.337366074724,1,NORMAL
214,5.239758618535636,74.47444792396956,1,1121.3083443666262,-1,ANOMALY
227,14.336968980696787,75.05182106763536,0,3254.4919586181704,1,NORMAL
214,6.951010408856129,60.36189007438698,0,1487.5162274952115,1,NORMAL
223,9.736842812004536,59.85390153699681,1,2171.3159470770115,1,NORMAL
238,11.502709441163686,45.53301967953436,0,2737.6448469969573,1,NORMAL
219,12.691100509506725,73.77048298006144,1,2779.3510115819727,1,NORMAL
213,8.782614892627356,71.36680397704384,0,1870.6969721296268,1,NORMAL
238,9.877427200901284,60.29518320561168,1,2350.8276738145055,1,NORMAL
229,7.884280984371238,71.41063155287694,1,1805.5003454210137,1,NORMAL
229,9.334673496651998,44.798504512855374,1,2137.6402307333074,1,NORMAL
239,5.154638863762661,52.34892965649502,0,1231.9586884392759,-1,ANOMALY
226,7.960424802624092,52.23479993611657,0,1799.0560053930449,1,NORMAL
214,11.725657352436695,53.91008308339488,0,2509.2906734214525,1,NORMAL
222,11.596091441199123,34.9773642645322,1,2574.3322999462052,1,NORMAL
225,7.774567231142519,45.13222739963758,0,1749.2776270070667,1,NORMAL
212,11.940687080734646,78.83727739192409,0,2531.425661115745,1,NORMAL
220,9.761860073185595,74.65240940285602,1,2147.609216100831,1,NORMAL
216,11.825550045416282,37.0623954786602,0,2554.3188098099167,1,NORMAL
211,10.33946072303486,30.088962705745153,0,2181.6262125603553,-1,ANOMALY
236,9.261367539284697,47.745619501013195,1,2185.6827392711884,1,NORMAL
226,6.583705283999295,37.71444761171358,0,1487.9173941838408,1,NORMAL
220,12.956649751991545,78.15166729740123,0,2850.4629454381397,1,NORMAL
213,12.32467485523049,44.12754512437174,1,2625.1557441640944,1,NORMAL
214,10.523818027723069,51.76778678310775,1,2252.097057932737,1,NORMAL
225,9.435559683165657,53.72946460852421,0,2123.000928712273,1,NORMAL
218,9.389222381134706,30.7839630879468,0,2046.850479087366,1,NORMAL
239,14.729691743430129,73.73568297325929,0,3520.396326679801,-1,ANOMALY
223,5.957731597503988,38.78420551453313,0,1328.5741462433894,1,NORMAL
223,14.807574117300536,43.051484574218534,0,3302.0890281580196,1,NORMAL
234,11.646638393217472,63.06955662452269,0,2725.3133840128885,1,NORMAL
227,5.311255242990508,40.13426400851874,1,1205.6549401588452,1,NORMAL
228,8.786186785970418,57.13729882460687,0,2003.2505872012555,1,NORMAL
236,10.778731644733316,30.016112001944812,1,2543.780668157063,1,NORMAL
228,12.068535908921522,38.22394243700562,1,2751.626187234107,1,NORMAL
215,8.831491559821002,65.10109550377342,1,1898.7706853615155,1,NORMAL
211,9.110717117405331,50.10621852470838,0,1922.361311772525,1,NORMAL
238,14.973716115095378,54.32525689136598,1,3563.7444353927,-1,ANOMALY
239,8.205166564238407,40.03020665939704,1,1961.0348088529793,1,NORMAL
234,8.369540323012917,79.6545648116341,0,1958.4724355850226,1,NORMAL
218,7.44431940590193,31.794653101534937,0,1622.8616304866207,1,NORMAL
237,12.829379065491814,79.54948438703644,1,3040.56283852156,1,NORMAL
240,8.158363492105085,39.9044991044572,1,1958.0072381052205,1,NORMAL
238,10.982879558534698,73.97023569778409,1,2613.925334931258,1,NORMAL
226,14.862250514941032,51.90592159501442,1,3358.8686163766733,1,NORMAL
223,10.269918242810713,34.467962109497236,0,2290.191768146789,1,NORMAL
238,8.537070375014263,36.84025857183971,0,2031.8227492533947,1,NORMAL
217,10.620300368589952,37.134623785190456,0,2304.6051799840197,1,NORMAL
217,8.612464310762089,57.63903541687766,1,1868.9047554353733,1,NORMAL
227,9.277974736011021,60.38454042673985,1,2106.1002650745017,1,NORMAL
218,7.282940125081552,68.60612284904965,1,1587.6809472677783,1,NORMAL
212,11.936797345864909,30.32340757995294,1,2530.6010373233607,-1,ANOMALY
212,8.026732342267739,36.557695342058665,1,1701.6672565607605,1,NORMAL
229,12.557471977026303,65.64456474838853,0,2875.661082739023,1,NORMAL
217,7.212034832737696,52.53559687585026,1,1565.01155870408,1,NORMAL
219,7.591559186662272,79.71650374443786,0,1662.5514618790376,1,NORMAL
211,8.421892396626838,48.63253520742707,1,1777.0192956882627,1,NORMAL
222,7.349333596980715,53.089036119199605,1,1631.5520585297188,1,NORMAL
222,8.261156954409367,53.60567682325541,0,1833.9768438788794,1,NORMAL
211,11.255458384335553,49.3411158458659,0,2374.9017190948016,1,NORMAL
235,5.759119950531786,46.15395863819157,0,1353.3931883749697,1,NORMAL
221,12.342301206361,48.18977334813527,0,2727.648566605781,1,NORMAL
240,10.236859363515247,75.87348608925868,0,2456.8462472436595,1,NORMAL
216,13.831417785402252,71.79765429192643,1,2987.5862416468863,1,NORMAL
228,14.133284099397617,66.63313694629285,0,3222.3887746626565,1,NORMAL
210,13.247306798904233,39.743370907479374,1,2781.934427769889,1,NORMAL
228,7.066434152075038,41.73753815268887,1,1611.1469866731086,1,NORMAL
218,7.515894353318467,63.86722927112438,0,1638.464969023426,1,NORMAL
232,13.886826896634782,72.05738061935449,0,3221.7438400192696,1,NORMAL
238,10.723403065995782,41.249759370609226,0,2552.1699297069963,1,NORMAL
227,13.55317112772197,35.29672695316833,1,3076.569845992887,1,NORMAL
216,13.205937467128518,48.57690996675852,1,2852.48249289976,1,NORMAL
231,14.016427834320577,46.8575340287034,0,3237.794829728053,1,NORMAL
233,14.682291891124615,48.64073199884021,1,3420.9740106320355,1,NORMAL
210,12.702052582362596,75.8753022556505,1,2667.4310422961453,1,NORMAL
214,5.64062460373861,59.2183148913315,0,1207.0936652000626,1,NORMAL
218,14.154774282225201,37.82036820095494,0,3085.740793525094,1,NORMAL
238,10.492916334261869,40.32352242568115,1,2497.314087554325,1,NORMAL
221,9.39094736283459,57.38272605349531,0,2075.399367186444,1,NORMAL
233,6.594932525075999,48.70962670059559,1,1536.6192783427077,1,NORMAL
211,5.172576254635094,62.65310600006329,1,1091.4135897280048,-1,ANOMALY
232,9.680959388583505,45.93996614166517,1,2245.982578151373,1,NORMAL
232,10.93424726247279,32.54957912356723,0,2536.745364893687,1,NORMAL
219,12.45686885284185,55.766553260292,1,2728.0542787723653,1,NORMAL
234,10.16043803336958,69.20474039018366,1,2377.542499808482,1,NORMAL
227,12.374277901127897,50.99144330416273,0,2808.9610835560325,1,NORMAL
228,13.133806750431587,38.29865344286312,0,2994.507939098402,1,NORMAL
230,8.282431664990634,76.60605493623018,0,1904.9592829478458,1,NORMAL
229,7.364421602741724,35.50736777328626,0,1686.4525470278547,1,NORMAL
233,12.739746989393517,30.440948480529325,0,2968.3610485286895,1,NORMAL
211,11.537169477267934,40.11045485673744,0,2434.3427597035343,1,NORMAL
216,6.510014573464751,78.73888619179236,1,1406.1631478683862,1,NORMAL
233,10.722121375773954,35.176157234069194,0,2498.254280555331,1,NORMAL
235,13.697249426702356,32.072515879601845,1,3218.853615275054,1,NORMAL
214,5.054505473025719,71.87463523672857,1,1081.6641712275039,-1,ANOMALY
215,7.002052188432716,59.67306605991601,1,1505.4412205130338,1,NORMAL
217,11.046251872441658,55.46297146413922,0,2397.03665631984,1,NORMAL
232,5.936642722394703,68.4282949493695,1,1377.3011115955712,1,NORMAL
231,13.203996803774823,67.46159161850642,1,3050.123261671984,1,NORMAL
230,13.529508485489247,32.54386372239374,1,3111.786951662527,1,NORMAL
227,12.386722787887368,72.33419689631306,1,2811.7860728504324,1,NORMAL
216,13.80144737228527,74.91743323325483,0,2981.1126324136185,1,NORMAL
230,9.328864392647043,72.67862574386677,1,2145.6388103088198,1,NORMAL
232,11.275700760816282,63.57171145228242,0,2615.9625765093774,1,NORMAL
211,7.305854905852987,79.22498412230307,0,1541.5353851349803,1,NORMAL
228,10.637319586143063,63.08271073282429,1,2425.3088656406185,1,NORMAL
217,12.017191561876162,55.546451305887885,0,2607.730568927127,1,NORMAL
229,9.412885835228682,56.57257423130247,1,2155.550856267368,1,NORMAL
225,9.296624358386051,51.661271526076305,1,2091.7404806368613,1,NORMAL
226,13.972026685118783,78.20986116497392,1,3157.6780308368448,1,NORMAL
229,8.249406581553844,32.778605638659535,0,1889.1141071758302,1,NORMAL
213,7.7442497501048315,67.10255868118018,0,1649.525196772329,1,NORMAL
222,9.659437056371505,62.871701741789174,1,2144.395026514474,1,NORMAL
235,6.410738957378825,69.49672141111982,0,1506.523654984024,1,NORMAL
230,13.336717640442252,51.4176365465338,1,3067.445057301718,1,NORMAL
232,14.31740017701708,30.842559936148753,0,3321.6368410679625,1,NORMAL
222,12.475833425231713,43.76132669158339,0,2769.63502040144,1,NORMAL
216,8.706638316319093,50.29390419347435,1,1880.6338763249241,1,NORMAL
230,7.450395605545371,37.550885839122174,0,1713.5909892754353,1,NORMAL
214,11.473947228241103,70.88072377669631,1,2455.424706843596,1,NORMAL
234,5.176836606235673,49.747247351901414,1,1211.3797658591475,1,NORMAL
233,8.219829434531974,76.14175049191704,0,1915.22025824595,1,NORMAL
235,7.216810686511359,34.367723175268885,0,1695.9505113301693,1,NORMAL
211,8.529529559281698,33.18677007023757,1,1799.7307370084384,1,NORMAL
218,10.325333004723928,75.2603783985443,0,2250.9225950298164,1,NORMAL
217,8.520695025359636,48.55397097167332,0,1848.990820503041,1,NORMAL
236,8.422755483253958,48.911611997390544,1,1987.7702940479342,1,NORMAL
240,9.197673284763729,68.47598288421446,0,2207.441588343295,1,NORMAL
210,7.0167163667309325,72.02410591149899,0,1473.510437013496,1,NORMAL
219,8.562824074694557,41.01003930038192,1,1875.258472358108,1,NORMAL
221,7.309137572287193,61.80601376210852,0,1615.3194034754697,1,NORMAL
222,10.707697927533301,45.53148079726675,1,2377.108939912393,1,NORMAL
222,12.606559545585208,55.76263270934672,0,2798.6562191199164,1,NORMAL
218,10.095996513089538,69.97687343460558,0,2200.9272398535195,1,NORMAL
238,10.054141267250092,41.25415919204315,1,2392.885621605522,1,NORMAL
213,5.63750739934255,67.64936470782818,1,1200.7890760599632,1,NORMAL
239,6.125622889218355,59.12642037145241,0,1464.0238705231868,1,NORMAL
230,10.355698442256662,43.44242363748923,0,2381.810641719032,1,NORMAL
236,12.840950092363588,71.23594897704675,0,3030.4642217978067,1,NORMAL
228,9.552951037864862,45.904603205418326,1,2178.0728366331887,1,NORMAL
227,7.209627637720807,48.068579482582116,0,1636.5854737626232,1,NORMAL
227,11.638936540648217,78.74751235080927,0,2642.038594727145,1,NORMAL
228,8.921524955915869,62.03980786044816,0,2034.107689948818,1,NORMAL
225,13.009164480707907,49.46074846362857,1,2927.0620081592792,1,NORMAL
217,12.085633927005667,62.664658282061694,1,2622.58256216023,1,NORMAL
231,14.102776410631632,42.99961018070104,0,3257.741350855907,1,NORMAL
239,7.59715767792838,53.78312566834234,1,1815.7206850248829,1,NORMAL
234,8.627322285293172,43.96053632461228,1,2018.7934147586022,1,NORMAL
231,11.3302279918359,65.5223605493225,0,2617.282666114093,1,NORMAL
212,5.409124865864474,72.82560199617052,1,1146.7344715632685,-1,ANOMALY
210,6.010050299424002,51.333137447721214,1,1262.1105628790403,1,NORMAL
230,12.119486605051607,43.11131730456182,1,2787.48191916187,1,NORMAL
211,9.749394001691574,73.53477162254927,0,2057.122134356922,1,NORMAL
219,12.255001594309707,32.91449930785538,0,2683.8453491538257,1,NORMAL
214,9.391236995592806,33.67326674584608,1,2009.7247170568603,1,NORMAL
228,13.071788294060795,32.31138857847651,0,2980.367731045861,1,NORMAL
222,9.401242131188294,78.81771385561515,1,2087.0757531238014,1,NORMAL
231,5.530184238417903,47.38798036002818,1,1277.4725590745356,1,NORMAL
214,11.311003860900453,69.48797402087328,0,2420.554826232697,1,NORMAL
233,10.543311728557818,33.844439182384335,1,2456.5916327539717,1,NORMAL
227,9.338234074125968,76.82040340264486,1,2119.7791348265946,1,NORMAL
227,10.597937466014212,58.475086026391,0,2405.7318047852264,1,NORMAL
227,10.983288951318933,62.170785270434635,1,2493.206591949398,1,NORMAL
226,5.275200222292286,63.923796033155305,1,1192.1952502380566,1,NORMAL
232,14.760668963983523,71.75688149490655,1,3424.4751996441773,-1,ANOMALY
223,13.53205155956738,66.42527559340967,1,3017.6474977835255,1,NORMAL
223,6.84471507418386,50.60941741291618,0,1526.3714615430008,1,NORMAL
236,8.010126658497873,50.76391427562057,0,1890.389891405498,1,NORMAL
215,12.694394991338898,50.85326551520916,1,2729.294923137863,1,NORMAL
215,6.521690159950639,31.97839304890098,0,1402.1633843893874,1,NORMAL
212,5.208807342978684,42.205096539281506,1,1104.267156711481,-1,ANOMALY
220,5.634298240948027,65.71569581845674,0,1239.5456130085659,1,NORMAL
211,13.743485566823903,43.740613981930856,0,2899.8754545998436,1,NORMAL
221,5.805362582084486,49.870291379490666,0,1282.9851306406715,1,NORMAL
215,11.323408377320847,39.08011045401094,1,2434.532801123982,1,NORMAL
225,8.898794084599396,39.7904449819016,1,2002.2286690348642,1,NORMAL
215,9.856977070849148,50.88001578592309,1,2119.250070232567,1,NORMAL
215,7.871837262898294,43.44138532829838,1,1692.4450115231334,1,NORMAL
213,7.643856011594695,74.34297289018846,0,1628.14133046967,1,NORMAL
230,10.825253495980048,61.04884663073565,1,2489.808304075411,1,NORMAL
234,8.837583126841443,30.741124554740697,0,2067.994451680898,1,NORMAL
228,6.7079973448169925,77.82938958746807,0,1529.4233946182742,1,NORMAL
233,13.5885332309338,73.21468492561348,0,3166.1282428075756,1,NORMAL
213,6.3924318648928535,50.38475680679112,1,1361.5879872221778,1,NORMAL
222,12.180329394493562,79.89786202855676,0,2704.033125577571,1,NORMAL
229,14.211181269614013,36.32284137011393,1,3254.360510741609,1,NORMAL
233,14.289700309044099,66.3921646080002,0,3329.500172007275,1,NORMAL
226,10.767247740713433,70.04533388179392,0,2433.397989401236,1,NORMAL
214,8.519155440775346,52.52775668252794,1,1823.0992643259242,1,NORMAL
210,7.750276393554564,71.39615074362317,1,1627.5580426464585,1,NORMAL
235,5.356677229564463,57.049650613242164,1,1258.8191489476487,1,NORMAL
216,12.037566836684736,44.60901110376079,0,2600.114436723903,1,NORMAL
221,13.135773362843302,52.61541272731479,1,2903.00591318837,1,NORMAL
212,9.268490450107626,75.02502833036826,0,1964.9199754228166,1,NORMAL
211,13.969022198789405,69.82837423763269,1,2947.4636839445643,1,NORMAL
212,7.195175849071941,60.78238727965028,1,1525.3772800032514,1,NORMAL
215,9.074490239435512,50.17251924633233,1,1951.015401478635,1,NORMAL
239,12.527876505502698,64.04398027240921,1,2994.162484815145,1,NORMAL
223,5.341554427464933,62.26028797437012,1,1191.16663732468,1,NORMAL
223,12.82052637558558,54.865115576301704,0,2858.9773817555842,1,NORMAL
217,5.841770861441189,78.6054528736847,0,1267.664276932738,1,NORMAL
239,8.826818115101547,76.66340155310846,0,2109.6095295092696,1,NORMAL
229,7.412051676283714,32.00233401555162,0,1697.3598338689706,1,NORMAL
227,7.506417358211844,79.47670821175146,1,1703.9567403140886,1,NORMAL
226,14.737939414949647,35.49978848537617,0,3330.7743077786204,1,NORMAL
225,6.690723876584879,74.43886282534936,0,1505.4128722315977,1,NORMAL
238,12.72695898548185,74.31234047049452,1,3029.0162385446806,1,NORMAL
221,14.018452345326677,59.88665715711481,0,3098.077968317196,1,NORMAL
216,13.889812042631108,45.61780371770607,1,3000.1994012083196,1,NORMAL
214,6.437736836834532,69.14150004539526,1,1377.6756830825898,1,NORMAL
238,7.291915768556953,75.67550885637202,0,1735.4759529165547,1,NORMAL
231,5.5465660196589175,42.31643564405139,1,1281.2567505412098,1,NORMAL
218,9.690882342184622,70.06502890044518,0,2112.612350596248,1,NORMAL
225,12.423349216810728,79.2727119268661,1,2795.2535737824137,1,NORMAL
230,13.654983799385699,51.49644426278122,1,3140.6462738587106,1,NORMAL
220,8.985304217809105,69.89745281252468,1,1976.7669279180031,1,NORMAL
225,5.755685645463265,45.173632811938674,1,1295.0292702292345,1,NORMAL
225,5.836441309943058,60.32374414389253,0,1313.199294737188,1,NORMAL
217,7.3554060314117145,67.73888846257896,1,1596.123108816342,1,NORMAL
240,11.722091263295576,59.572526561031864,1,2813.3019031909384,1,NORMAL
221,14.253853465482127,51.25356593575594,1,3150.10161587155,1,NORMAL
211,5.39860211590856,41.77025009520604,1,1139.1050464567063,-1,ANOMALY
240,11.142000114866775,44.305680353234365,0,2674.080027568026,1,NORMAL
231,13.062994749586753,42.72099261016662,0,3017.55178715454,1,NORMAL
229,13.948924883115536,61.27203738374833,0,3194.3037982334577,1,NORMAL
235,6.398559228122723,51.21369488172971,0,1503.66141860884,1,NORMAL
237,11.081817461074316,61.8627188562821,1,2626.390738274613,1,NORMAL
219,11.071546599533029,70.02411451548765,1,2424.6687052977336,1,NORMAL
222,7.750443967408004,43.87390663496028,0,1720.5985607645769,1,NORMAL
229,13.259308602944774,33.7626890479337,0,3036.381670074353,1,NORMAL
233,14.69482148639816,48.37098270590818,0,3423.893406330771,1,NORMAL
231,7.008264294864919,78.97705555935124,0,1618.9090521137962,1,NORMAL
222,10.47622810799821,61.128648315714415,1,2325.7226399756028,1,NORMAL
226,11.418450381858555,47.54200003075028,0,2580.5697863000337,1,NORMAL
210,8.114819363465184,58.604531091638975,0,1704.1120663276886,1,NORMAL
230,11.8794084577401,57.46314426019306,1,2732.2639452802227,1,NORMAL
212,7.011625780149603,68.21700304341337,0,1486.464665391716,1,NORMAL
211,13.62048909130892,76.21554517229029,1,2873.923198266182,1,NORMAL
217,10.333772746509105,56.56424445347294,0,2242.428685992476,1,NORMAL
240,6.932790745471999,31.626675128959864,1,1663.8697789132796,-1,ANOMALY
217,14.724235049447225,76.84756859665006,1,3195.1590057300477,-1,ANOMALY
222,10.187189621334461,69.88884447768476,0,2261.5560959362506,1,NORMAL
216,14.754972075847055,76.72891629123757,0,3187.073968382964,-1,ANOMALY
210,12.08610445568319,66.19583041374139,1,2538.08193569347,1,NORMAL
210,6.985704652470469,65.80546554700521,1,1466.9979770187986,1,NORMAL
215,9.96961871417301,36.09806121546028,0,2143.468023547197,1,NORMAL
237,13.544889274135919,34.64515381298073,0,3210.1387579702127,1,NORMAL
227,5.097266186763046,74.29518760944566,0,1157.0794243952114,-1,ANOMALY
240,14.581857834567996,30.37105340063469,0,3499.6458802963193,-1,ANOMALY
219,11.321529196166056,64.1987444363015,1,2479.414893960366,1,NORMAL
212,12.672286393653494,45.69105379408517,1,2686.5247154545405,1,NORMAL
236,10.94066083558019,35.69587727668403,1,2581.995957196925,1,NORMAL
227,8.141614606081253,53.5693692396472,0,1848.1465155804444,1,NORMAL
234,7.468087971984244,57.678592936034256,0,1747.532585444313,1,NORMAL
227,11.902389301298294,62.58699630696602,0,2701.8423713947127,1,NORMAL
210,6.031948273140975,42.742609197530115,1,1266.7091373596047,1,NORMAL
218,10.976878177382556,36.77708417736363,0,2392.959442669397,1,NORMAL
226,5.00888528068984,43.081697728918144,0,1132.0080734359037,1,NORMAL
230,11.872207844220576,67.21984785475672,1,2730.6078041707324,1,NORMAL
233,5.321304600855173,56.07451280522763,0,1239.8639719992555,1,NORMAL
232,8.699573612385365,56.02245408151124,1,2018.3010780734046,1,NORMAL
214,9.91787216984754,47.702269245109285,1,2122.4246443473735,1,NORMAL
214,9.684640599866126,64.72321216171822,0,2072.513088371351,1,NORMAL
214,10.157543480621628,45.67114361974218,1,2173.7143048530284,1,NORMAL
235,11.07538968382737,34.79582419087174,0,2602.716575699432,1,NORMAL
213,11.318630044101106,38.92385700695981,1,2410.8681993935356,1,NORMAL
211,11.641174351387441,59.72350143395667,1,2456.2877881427503,1,NORMAL
231,10.768875857897335,34.71192305937082,1,2487.6103231742845,1,NORMAL
217,10.69606879099932,34.67070882046729,1,2321.0469276468525,1,NORMAL
228,6.733952714139944,69.08470003641827,1,1535.3412188239072,1,NORMAL
240,8.144068330073978,63.2978196039461,1,1954.5763992177547,1,NORMAL
221,11.786338093067046,39.030453343214596,1,2604.780718567817,1,NORMAL
238,6.077946433536601,31.064645596563306,0,1446.551251181711,-1,ANOMALY
234,5.606094424855704,68.28032823758195,1,1311.8260954162347,1,NORMAL
220,14.274251675153655,70.20319955388806,1,3140.3353685338043,1,NORMAL
238,6.26632385817174,70.29240221120375,1,1491.385078244874,1,NORMAL
210,9.033026135753905,35.14053936246827,1,1896.93548850832,1,NORMAL
213,14.115868337860064,64.11784120480058,1,3006.6799559641936,1,NORMAL
238,9.683584227055128,40.48605556873711,0,2304.6930460391204,1,NORMAL
213,5.5370927955699,58.29206433692822,0,1179.4007654563886,1,NORMAL
214,5.449009719971648,65.87037788276137,0,1166.0880800739326,1,NORMAL
240,10.921683127969164,43.88129356219438,0,2621.203950712599,1,NORMAL
228,13.220241637067915,68.89152176533665,1,3014.2150932514846,1,NORMAL
215,11.980375471532946,45.12521675542757,0,2575.7807263795835,1,NORMAL
220,12.714498377589457,31.13399903814413,1,2797.1896430696806,1,NORMAL
216,9.644368266318608,67.92758429847979,1,2083.1835455248192,1,NORMAL
221,13.635323208284074,58.44735835557401,0,3013.40642903078,1,NORMAL
230,8.203057658549525,37.457657146472535,1,1886.7032614663908,1,NORMAL
217,5.508956169326807,53.87548533368346,0,1195.4434887439172,1,NORMAL
220,12.124701859795032,32.26728648657402,1,2667.434409154907,1,NORMAL
238,8.10196923958351,34.70361877076359,1,1928.2686790208757,1,NORMAL
228,5.579980597452851,56.993206826631244,1,1272.2355762192499,1,NORMAL
238,7.54910359323361,77.2425353996506,0,1796.6866551895992,1,NORMAL
219,14.4788822870164,38.795763423177085,1,3170.8752208565916,1,NORMAL
210,12.743608883617368,57.67174717694059,1,2676.1578655596472,1,NORMAL
230,9.115129673677446,71.12944225136677,0,2096.4798249458127,1,NORMAL
221,14.36317444045767,39.62054696778479,1,3174.2615513411447,1,NORMAL
229,14.27054489058348,33.90484769138684,0,3267.954779943617,1,NORMAL
212,11.43480576929596,73.13352674527216,0,2424.178823090743,1,NORMAL
233,12.227958849906866,47.32854717783252,1,2849.1144120282997,1,NORMAL
233,10.927166704761149,36.3348006646978,1,2546.029842209348,1,NORMAL
221,9.629560777791742,43.657681407743866,0,2128.1329318919747,1,NORMAL
221,11.438889862775744,39.46531584755476,1,2527.9946596734394,1,NORMAL
232,6.526407793729955,72.52117285037468,0,1514.1266081453496,1,NORMAL
212,12.111060020949878,50.1256591621208,0,2567.5447244413745,1,NORMAL
226,10.384127824559478,67.6545424044094,1,2346.812888350442,1,NORMAL
233,6.384642420207493,33.391042142634014,0,1487.6216839083459,1,NORMAL
217,13.17227671183893,41.76455201060186,0,2858.3840464690475,1,NORMAL
226,11.279307988349345,49.11478635823703,0,2549.123605366952,1,NORMAL
222,13.227175595741825,34.33501566889396,0,2936.432982254685,1,NORMAL
213,9.93690893956897,30.663065123257393,1,2116.5616041281905,1,NORMAL
236,11.92380303912763,34.934707923399706,0,2814.017517234121,1,NORMAL
230,11.947783251502416,31.958347598649308,1,2747.990147845556,1,NORMAL
215,14.35168583423396,51.21932464133391,1,3085.6124543603014,1,NORMAL
233,7.347293029144265,77.17316559237399,0,1711.9192757906137,1,NORMAL
239,9.548871842168197,41.90511700903703,0,2282.180370278199,1,NORMAL
212,7.203070185215671,60.92684440554329,1,1527.0508792657222,1,NORMAL
221,8.499774501417269,64.94115410938434,0,1878.4501648132164,1,NORMAL
221,7.358569813158119,69.97758541167738,1,1626.2439287079442,1,NORMAL
212,8.89924233872351,62.88150955596687,1,1886.6393758093843,1,NORMAL
230,9.65840027113861,60.819931014444,1,2221.4320623618805,1,NORMAL
237,10.905331093703264,66.03212605733744,0,2584.5634692076737,1,NORMAL
238,7.226918703533007,66.6287520339731,1,1720.0066514408556,1,NORMAL
212,14.614618908000372,53.265290022899904,0,3098.299208496079,1,NORMAL
217,13.105988996956858,47.32320981517168,0,2843.999612339638,1,NORMAL
227,14.86107167568976,50.215564425410705,0,3373.4632703815755,1,NORMAL
224,10.11584487854459,76.4020589207231,1,2265.949252793988,1,NORMAL
239,11.79813101069831,39.42747387954762,1,2819.753311556896,1,NORMAL
212,8.580721061900618,58.410588076486626,0,1819.112865122931,1,NORMAL
211,10.154740555040355,35.79481635390168,0,2142.650257113515,1,NORMAL
227,6.820938405159555,40.61703218790894,0,1548.3530179712188,1,NORMAL
224,9.43251430706286,74.28581710655465,1,2112.8832047820806,1,NORMAL
222,5.252216807393848,57.9307252223089,1,1165.9921312414344,1,NORMAL
221,10.725726324929722,49.056926672680945,0,2370.3855178094686,1,NORMAL
212,10.701176056654496,30.642999788241237,1,2268.6493240107534,1,NORMAL
240,14.58808488722865,49.453342400287625,0,3501.140372934876,-1,ANOMALY
217,7.77840490481056,71.50085870028724,1,1687.9138643438914,1,NORMAL
218,6.567798129095896,77.28106203469164,0,1431.7799921429055,1,NORMAL
234,7.380786443330876,78.27993249187571,1,1727.104027739425,1,NORMAL
235,5.630693319725611,66.33090425008271,0,1323.2129301355187,1,NORMAL
218,10.651286745879272,43.07933667313353,1,2321.980510601681,1,NORMAL
217,5.301082367451163,45.67329762169254,0,1150.3348737369024,1,NORMAL
238,7.891787335874043,63.26402916465769,0,1878.2453859380223,1,NORMAL
228,12.365351385060084,33.842329451749535,0,2819.300115793699,1,NORMAL
227,14.647783354709041,39.532496917068094,1,3325.0468215189526,1,NORMAL
218,13.190117161791848,34.651961536756744,1,2875.445541270623,1,NORMAL
210,13.132751847455717,59.37886427356777,1,2757.8778879657007,1,NORMAL
240,12.707851180471906,64.6238346486554,0,3049.8842833132576,1,NORMAL
239,6.979853387968643,67.24631603975102,0,1668.1849597245057,1,NORMAL
239,9.884010889866104,51.687015748573515,1,2362.278602677999,1,NORMAL
231,12.730877223254089,46.76354053459977,0,2940.8326385716946,1,NORMAL
239,11.975108893306198,70.327677869594,1,2862.0510255001814,1,NORMAL
226,12.683929239780108,64.3269290451754,0,2866.568008190304,1,NORMAL
213,9.657283522969312,60.11165262532541,1,2057.0013903924632,1,NORMAL
217,7.55821280439819,73.63599531491792,0,1640.1321785544071,1,NORMAL
225,14.297378262470748,37.973558289896076,0,3216.9101090559184,1,NORMAL
240,5.897036170916772,61.19212439972467,0,1415.2886810200253,1,NORMAL
219,9.25419026999582,69.32962163967562,1,2026.6676691290847,1,NORMAL
225,9.446041927297824,53.20479933993494,0,2125.35943364201,1,NORMAL
215,12.339587206798432,58.86256326817527,0,2653.011249461663,1,NORMAL
221,7.490962870490022,65.2350275088486,0,1655.5027943782948,1,NORMAL
210,10.475495197134425,63.93276948300818,0,2199.853991398229,1,NORMAL
232,13.134999884837296,52.78931208233713,0,3047.3199732822527,1,NORMAL
229,10.475241470989697,63.29656832216229,0,2398.830296856641,1,NORMAL
213,7.824353954235304,56.58448347253983,0,1666.5873922521198,1,NORMAL
240,6.141781409727557,69.06634487183743,1,1474.0275383346136,1,NORMAL
213,14.854204739983532,59.94212983699094,1,3163.945609616492,1,NORMAL
219,8.511967621254566,65.0520888539417,0,1864.12090905475,1,NORMAL
227,14.93429859691923,41.88591277627425,1,3390.0857815006652,1,NORMAL
229,5.307725830268881,60.09237369700807,0,1215.4692151315737,1,NORMAL
235,10.042434637640575,68.90634284307558,1,2359.9721398455354,1,NORMAL
240,8.993782881284545,64.44200602442234,1,2158.507891508291,1,NORMAL
221,13.255041971368243,57.50631956136707,0,2929.3642756723816,1,NORMAL
234,11.24306870156449,76.26851312386196,0,2630.8780761660905,1,NORMAL
216,12.354480856651648,53.785926337211464,0,2668.567865036756,1,NORMAL
237,7.468339364034142,60.21821427325118,1,1769.9964292760917,1,NORMAL
229,6.613715853280553,44.510459778544046,0,1514.5409304012467,1,NORMAL
212,11.77177153132437,77.60417082495805,1,2495.6155646407665,1,NORMAL
233,6.704439219396149,53.767624952565335,0,1562.1343381193028,1,NORMAL
230,13.649471578079874,66.37547262665987,0,3139.378462958371,1,NORMAL
231,9.86046497013184,46.760583012687306,0,2277.767408100455,1,NORMAL
212,7.061027243545839,68.60480433897575,0,1496.9377756317178,1,NORMAL
218,7.215421297935205,66.13571175314377,0,1572.9618429498746,1,NORMAL
215,14.661360561511227,65.30980955133721,0,3152.1925207249137,1,NORMAL
230,6.11314639024671,62.378153831897265,0,1406.0236697567434,1,NORMAL
224,12.582809530417641,38.38728524551545,0,2818.5493348135515,1,NORMAL
215,6.482382566131022,38.589641687390454,1,1393.71225171817,1,NORMAL
212,6.937859700317448,43.89071330687737,1,1470.826256467299,1,NORMAL
210,11.640143964731458,57.70884303824148,1,2444.430232593606,1,NORMAL
233,10.58315010059207,42.26963887845517,1,2465.8739734379524,1,NORMAL
220,10.667083916688672,40.817811028071404,1,2346.7584616715076,1,NORMAL
213,9.453158315649983,58.520896080735824,1,2013.5227212334464,1,NORMAL
236,8.315751652075647,69.99429364241769,0,1962.517389889853,1,NORMAL
233,5.836768570961588,53.49451070847988,0,1359.9670770340501,1,NORMAL
228,10.448216451312735,71.50988348200676,0,2382.193350899304,1,NORMAL
235,8.741581542936784,46.52412285493191,0,2054.271662590144,1,NORMAL
213,10.088704988315115,40.60780613337283,0,2148.8941625111197,1,NORMAL
227,10.19302470811455,72.8800831264318,1,2313.8166087420027,1,NORMAL
213,10.502790954554234,41.39387632918273,0,2237.0944733200517,1,NORMAL
237,11.141659339913588,54.98809913135054,1,2640.5732635595205,1,NORMAL
235,13.088708039807717,71.61823883153363,1,3075.8463893548133,1,NORMAL
230,11.63315176881047,74.25247365556162,1,2675.624906826408,1,NORMAL
210,5.174637061881392,75.97975179897817,0,1086.6737829950923,-1,ANOMALY
233,14.11732301907674,72.91702833371755,1,3289.3362634448804,1,NORMAL
237,12.991731101047352,75.0783095896146,0,3079.0402709482223,1,NORMAL
214,9.215247769787712,70.6506869761406,0,1972.0630227345705,1,NORMAL
224,6.918462739766426,52.49742400729488,0,1549.7356537076794,1,NORMAL
219,9.464847284495033,51.44532829956656,1,2072.801555304412,1,NORMAL
220,5.5768825932697865,60.372655242865974,0,1226.914170519353,1,NORMAL
227,14.136931475622882,64.62949871374353,1,3209.0834449663944,1,NORMAL
212,13.008532174691727,32.12807889987792,1,2757.808821034646,1,NORMAL
210,11.295634962892446,51.13204933255028,0,2372.083342207414,1,NORMAL
226,6.2297527366197345,79.04576870520849,1,1407.92411847606,1,NORMAL
236,6.838021903702361,66.0326879890165,0,1613.7731692737573,1,NORMAL
229,5.468048829704417,76.36595083188175,0,1252.1831820023115,1,NORMAL
234,7.428954204693263,35.772008881713546,0,1738.3752838982236,1,NORMAL
221,10.076154830940064,36.815067377320105,0,2226.8302176377542,1,NORMAL
218,9.662715588257065,68.91012222583419,1,2106.47199824004,1,NORMAL
239,6.999064368347567,48.5196677477019,1,1672.7763840350685,1,NORMAL
230,8.15420426120861,67.79468402619226,1,1875.4669800779805,1,NORMAL
226,5.6397328331573116,37.19724650737012,1,1274.5796202935524,1,NORMAL
229,14.492244032050163,51.861945567940424,1,3318.723883339487,1,NORMAL
225,14.940691102404639,63.63573152854523,0,3361.6554980410438,1,NORMAL
211,7.873738126405661,64.20940277537557,1,1661.3587446715946,1,NORMAL
228,9.353463782491776,64.61094399464164,1,2132.589742408125,1,NORMAL
237,9.5654999617754,44.06671715902008,0,2267.0234909407695,1,NORMAL
239,12.94186007030376,66.77259731378604,0,3093.1045568025984,1,NORMAL
210,9.107988546101339,36.860204975290806,0,1912.677594681281,1,NORMAL
230,10.540417720094228,68.32808526697542,0,2424.296075621672,1,NORMAL
214,8.629701883794565,37.64483830538503,0,1846.756203132037,1,NORMAL
239,12.678465806826953,59.597103330176836,0,3030.153327831642,1,NORMAL
238,12.786782903575688,51.13756719447132,0,3043.2543310510137,1,NORMAL
218,11.477716209928925,66.52602578086425,1,2502.1421337645056,1,NORMAL
240,6.611164392067166,57.75459280082643,1,1586.6794540961198,1,NORMAL
230,11.914145912331591,76.04259908447392,0,2740.253559836266,1,NORMAL
234,8.233239107457068,53.81808508810269,1,1926.5779511449539,1,NORMAL
212,5.519651675949272,48.946674762669815,1,1170.1661553012457,1,NORMAL
214,6.001567775590822,70.37474325822431,1,1284.335503976436,1,NORMAL
239,14.936340061135883,72.0661298114417,1,3569.7852746114763,-1,ANOMALY
232,12.773222367976045,42.82531864778837,1,2963.3875893704426,1,NORMAL
211,5.610559179067813,32.74560523723786,0,1183.8279867833087,-1,ANOMALY
228,6.5451001735158805,39.53289044658918,1,1492.2828395616207,1,NORMAL
214,9.41935745396301,67.20166618457873,0,2015.742495148084,1,NORMAL
215,6.476570873662039,52.66387765839839,1,1392.4627378373384,1,NORMAL
225,10.800415785574616,74.0702706718961,1,2430.0935517542885,1,NORMAL
219,8.608174648563615,63.43373012131414,1,1885.1902480354318,1,NORMAL
231,9.083395391168139,74.09905217511032,0,2098.26433535984,1,NORMAL
215,10.008209525993454,40.021878830548445,1,2151.7650480885927,1,NORMAL
223,11.360765051371224,36.126491887704546,1,2533.450606455783,1,NORMAL
236,8.311615611588582,43.3121958846428,0,1961.5412843349054,1,NORMAL
220,9.219420963859253,64.87038563729175,1,2028.2726120490356,1,NORMAL
225,13.591748372668727,60.58678072039826,0,3058.1433838504636,1,NORMAL
229,10.478404530006834,42.245590941604036,0,2399.554637371565,1,NORMAL
216,9.667437266921313,55.31081519015724,1,2088.166449655004,1,NORMAL
225,9.688958220405723,79.12335157415876,1,2180.015599591288,1,NORMAL
227,11.290449787229829,41.80424800803087,1,2562.932101701171,1,NORMAL
227,10.640449360816524,78.19145687262477,1,2415.3820049053506,1,NORMAL
236,12.459344844012664,50.29917100948782,1,2940.4053831869887,1,NORMAL
234,10.201111140281439,51.11256420414315,0,2387.060006825857,1,NORMAL
217,6.662449315276352,46.04835069814193,1,1445.7515014149685,1,NORMAL
222,10.566828775774036,53.51287110389626,0,2345.835988221836,1,NORMAL
221,13.438447672350906,62.36100498582668,1,2969.89693558955,1,NORMAL
232,14.581993048364689,75.97223974884977,0,3383.022387220608,-1,ANOMALY
228,8.71955604023566,32.31704431802967,0,1988.0587771737307,1,NORMAL
229,9.437487676560078,30.610536898759435,1,2161.1846779322577,1,NORMAL
236,5.741153301321541,79.95988686997606,1,1354.9121791118837,1,NORMAL
220,14.38984683867071,55.92997950679762,0,3165.766304507556,1,NORMAL
227,14.459679312034558,42.37342825498197,1,3282.3472038318446,1,NORMAL
218,7.567393275544704,59.62635421022201,0,1649.6917340687455,1,NORMAL
225,6.791080559308589,50.759581471684186,0,1527.9931258444324,1,NORMAL
212,7.343264596749655,51.34468598530953,1,1556.7720945109268,1,NORMAL
233,13.284117346498771,77.43773547224161,1,3095.1993417342137,1,NORMAL
238,13.104529293397928,33.43895729082912,0,3118.877971828707,1,NORMAL
212,8.644942800010723,41.84399842832064,1,1832.7278736022733,1,NORMAL
233,5.939893082531901,75.85268149858177,0,1383.995088229933,1,NORMAL
234,13.398728445937433,62.40379497095865,0,3135.302456349359,1,NORMAL
240,13.111707051941417,41.28740003868307,0,3146.8096924659403,1,NORMAL
216,10.731580385058912,53.97501872713207,0,2318.021363172725,1,NORMAL
215,8.508720337923695,31.46939770242293,1,1829.3748726535944,1,NORMAL
217,11.712882483995193,40.93684510078462,1,2541.695499026957,1,NORMAL
235,6.1591278184777645,58.19869212017346,1,1447.3950373422747,1,NORMAL
211,6.977520103359737,74.147957528405,1,1472.2567418089045,1,NORMAL
218,11.476486222153248,65.4976949137428,1,2501.873996429408,1,NORMAL
211,14.444448087529159,35.516761062037226,0,3047.7785464686526,1,NORMAL
232,14.907320734010073,35.07619223291409,1,3458.498410290337,-1,ANOMALY
227,12.58528413021445,56.98527130953383,0,2856.8594975586802,1,NORMAL
236,11.677392435858609,57.23436312244445,0,2755.8646148626317,1,NORMAL
218,10.685283772471834,69.31946714740963,1,2329.3918623988598,1,NORMAL
225,6.767831854478057,68.72833587487932,0,1522.7621672575629,1,NORMAL
231,12.161714799310115,39.60791304510684,0,2809.3561186406364,1,NORMAL
221,10.935760167012788,44.435766013045765,0,2416.802996909826,1,NORMAL
227,6.806508840176039,40.44809948750077,1,1545.0775067199609,1,NORMAL
221,5.140167087038607,72.54790335990711,1,1135.9769262355321,-1,ANOMALY
228,7.592704368571832,50.74134869343861,0,1731.1365960343778,1,NORMAL
210,7.674859561517585,75.14663180897469,0,1611.7205079186929,1,NORMAL
219,8.579863325138252,59.65487366823777,1,1878.990068205277,1,NORMAL
210,6.023302425718155,73.5099143175247,1,1264.8935094008125,-1,ANOMALY
222,6.866126463378762,60.23915104475383,1,1524.2800748700852,1,NORMAL
237,9.21854593296791,71.3913183480538,1,2184.7953861133947,1,NORMAL
226,12.627975262916614,78.32404395062332,0,2853.922409419155,1,NORMAL
229,11.74850889645202,76.0203008590621,1,2690.4085372875124,1,NORMAL
216,9.111537493373689,32.853855952951506,1,1968.0920985687167,1,NORMAL
225,7.031280108885265,50.916340094813265,1,1582.0380244991845,1,NORMAL
219,11.46372987989566,69.90809423774547,0,2510.5568436971494,1,NORMAL
232,8.292859875783478,59.717716541405686,1,1923.9434911817668,1,NORMAL
230,8.948420131043102,51.533264410247895,1,2058.1366301399134,1,NORMAL
227,10.795378906642892,44.0167435711185,1,2450.5510118079364,1,NORMAL
216,9.49164071919989,62.20312428676351,0,2050.194395347176,1,NORMAL
215,5.462568173327674,47.76573366138403,0,1174.4521572654498,1,NORMAL
214,8.215199099674518,59.79100754520597,0,1758.0526073303467,1,NORMAL
223,8.486218151457107,56.123084314363005,0,1892.426647774935,1,NORMAL
229,5.793242440010672,52.654355050333635,0,1326.6525187624438,1,NORMAL
238,9.902021460493055,33.19343926222673,0,2356.681107597347,1,NORMAL
217,12.794830615768166,65.36093547008298,1,2776.478243621692,1,NORMAL
218,5.233502439657187,30.671067582842788,0,1140.9035318452668,-1,ANOMALY
238,12.689355643753021,69.81085933688718,1,3020.0666432132193,1,NORMAL
214,9.40680465270581,33.184328139048894,0,2013.0561956790434,1,NORMAL
232,13.665499033064009,45.04598545990016,0,3170.39577567085,1,NORMAL
227,11.336597006509285,61.0621427425813,1,2573.4075204776077,1,NORMAL
236,8.222125494723535,58.98741677214197,1,1940.4216167547543,1,NORMAL
223,13.95268200380843,46.53208132245021,0,3111.44808684928,1,NORMAL
232,8.768319259027399,75.77930236983609,1,2034.2500680943565,1,NORMAL
223,8.632364306814805,75.02372085516632,0,1925.0172404197017,1,NORMAL
217,12.403956917746022,60.05751449933635,0,2691.6586511508867,1,NORMAL
211,13.353139144766425,54.560934423388645,1,2817.5123595457158,1,NORMAL
227,7.4076507314262985,54.66113666855158,0,1681.5367160337698,1,NORMAL
238,13.926958626574613,45.345385621422565,1,3314.616153124758,1,NORMAL
237,11.16981635887891,60.76311464900256,0,2647.2464770543015,1,NORMAL
223,11.513039672953607,30.248847684546227,0,2567.407847068654,1,NORMAL
237,12.434699721452766,56.6378251910034,1,2947.0238339843054,1,NORMAL
221,8.675245925346324,43.35218580462403,1,1917.2293495015376,1,NORMAL
226,10.189909460093265,79.94490075133953,1,2302.919537981078,1,NORMAL
218,13.136649906647266,44.23028213013499,0,2863.789679649104,1,NORMAL
228,7.585782978583255,47.67322534307087,0,1729.5585191169823,1,NORMAL
210,5.867523058539237,63.3057016799686,0,1232.1798422932397,1,NORMAL
213,12.758621900494054,62.547829463666105,0,2717.5864648052334,1,NORMAL
221,5.526961929345732,72.61366354687486,0,1221.4585863854068,1,NORMAL
235,13.045241154430329,69.61539489350838,1,3065.631671291127,1,NORMAL
235,14.141699361264928,71.36505662895566,1,3323.2993498972583,1,NORMAL
218,10.192980212176032,41.88580056833489,1,2222.069686254375,1,NORMAL
222,11.593658935537341,61.50614808744677,0,2573.79228368929,1,NORMAL
229,13.824711281341477,61.88488247293688,1,3165.858883427198,1,NORMAL
236,10.987247841734838,43.27761507698149,0,2592.9904906494216,1,NORMAL
229,8.237820850838633,75.68090451163823,1,1886.4609748420469,1,NORMAL
221,9.603008767755728,41.156521738044816,0,2122.264937674016,1,NORMAL
218,7.035062121467281,61.78075693601273,0,1533.6435424798672,1,NORMAL
234,14.484754835840487,62.78454364594498,1,3389.432631586674,1,NORMAL
214,6.370035400776951,59.23063881158947,1,1363.1875757662674,1,NORMAL
210,11.419918394124469,35.60638062491124,0,2398.1828627661384,1,NORMAL
230,5.535014873137827,35.963903912316916,0,1273.0534208217002,1,NORMAL
239,11.246661311420077,47.63170479376967,0,2687.9520534293983,1,NORMAL
211,5.001082883712103,47.557685675899776,1,1055.2284884632536,-1,ANOMALY
229,6.828459981995353,58.458137313885295,1,1563.7173358769357,1,NORMAL
221,6.866627911615452,69.62221622803968,0,1517.5247684670148,1,NORMAL
219,9.54204364567643,42.19997702817011,1,2089.707558403138,1,NORMAL
223,13.10710206692885,42.49438692324033,0,2922.8837609251336,1,NORMAL
217,12.343723954146395,39.28253128927512,0,2678.5880980497677,1,NORMAL
240,6.460589222445553,71.8676445532858,0,1550.5414133869328,1,NORMAL
237,9.41809768375239,76.66789519552327,1,2232.089151049316,1,NORMAL
229,11.212423614625521,46.1936730565357,1,2567.6450077492445,1,NORMAL
216,14.80287759902097,47.19097743533844,0,3197.4215613885294,1,NORMAL
218,7.933896916795035,48.18343402820382,1,1729.5895278613177,1,NORMAL
218,11.49738359642684,48.4699632041012,1,2506.429624021051,1,NORMAL
213,11.632838806652618,45.755410982080164,0,2477.7946658170076,1,NORMAL
235,14.593386677750544,74.60054588353808,0,3429.445869271378,-1,ANOMALY
219,10.43591744989157,74.44486632543473,0,2285.4659215262536,1,NORMAL
226,8.231045409347555,61.92422866848842,1,1860.2162625125475,1,NORMAL
238,14.225387662628018,52.120144645330264,0,3385.6422637054684,1,NORMAL
219,11.85836251059373,56.74244066783923,1,2596.981389820027,1,NORMAL
232,5.739697622382023,45.40290994424947,0,1331.6098483926294,1,NORMAL
230,6.919027931718781,60.86621042605643,1,1591.3764242953196,1,NORMAL
232,14.13014310041791,35.93102574047719,1,3278.1931992969553,1,NORMAL
233,7.382709361171477,52.2957751719472,1,1720.1712811529542,1,NORMAL
236,5.269951305095267,37.052918107440924,1,1243.708508002483,1,NORMAL
225,11.346229300059498,49.911161354063864,0,2552.901592513387,1,NORMAL
210,9.573809929052747,58.27683651263183,0,2010.5000851010768,1,NORMAL
217,13.759385091930042,54.43480504079618,1,2985.786564948819,1,NORMAL
211,6.0624437907894135,30.75490624350532,1,1279.1756398565662,-1,ANOMALY
231,10.64072240305813,65.63093554699844,1,2458.0068751064277,1,NORMAL
237,13.879701416880568,47.39465818876736,1,3289.4892358006946,1,NORMAL
222,9.446104286058912,42.29215931328832,1,2097.0351515050784,1,NORMAL
227,10.540082770224117,54.27042703961898,1,2392.5987888408745,1,NORMAL
232,11.42512758398564,50.33060769226259,0,2650.6295994846687,1,NORMAL
225,10.622053889281258,59.8933363063939,0,2389.962125088283,1,NORMAL
227,6.395823353622324,63.134910347498206,1,1451.8519012722677,1,NORMAL
235,6.145743432377955,57.70589045986507,1,1444.2497066088195,1,NORMAL
223,11.319225873847113,69.52399018691455,1,2524.1873698679065,1,NORMAL
229,11.911370162363426,63.788969958514556,0,2727.7037671812245,1,NORMAL
217,10.599601015689723,76.4483226493862,0,2300.11342040467,1,NORMAL
221,5.243032960544075,77.1751022180147,0,1158.7102842802406,-1,ANOMALY
227,10.157914793606036,67.44670869401003,1,2305.84665814857,1,NORMAL
225,9.399538288382844,78.00268174436347,1,2114.89611488614,1,NORMAL
221,14.654441889634477,45.350067540022444,0,3238.6316576092195,1,NORMAL
224,8.422536194621694,41.50832888160981,1,1886.6481075952595,1,NORMAL
213,12.226407294182492,40.21920267805457,0,2604.2247536608706,1,NORMAL
212,8.348568112221049,44.80797282130988,1,1769.8964397908624,1,NORMAL
232,8.54939081121385,71.41185077490292,1,1983.4586682016134,1,NORMAL
216,11.883115246864282,68.18787078737958,0,2566.752893322685,1,NORMAL
232,11.412693222094529,77.32515707470924,0,2647.7448275259308,1,NORMAL
218,9.735866975410747,59.271983828055994,0,2122.419000639543,1,NORMAL
233,11.784904436011411,34.643905222357105,0,2745.882733590659,1,NORMAL
231,9.125342255977628,57.922435390887706,1,2107.954061130832,1,NORMAL
225,12.601313959077343,38.23138237139819,1,2835.295640792402,1,NORMAL
226,9.38489239637822,50.217256672888006,0,2120.985681581478,1,NORMAL
239,10.010127312503002,55.496846367710006,1,2392.4204276882174,1,NORMAL
237,14.746367956499354,78.98543130859649,0,3494.889205690347,-1,ANOMALY
225,5.373167348310492,64.14583972687424,1,1208.9626533698606,1,NORMAL
226,14.276655224838269,59.068378906241335,1,3226.5240808134486,1,NORMAL
216,8.925760372956566,75.49065236222881,0,1927.9642405586183,1,NORMAL
227,14.304814030961566,51.181716331515794,0,3247.1927850282755,1,NORMAL
216,12.975609090258827,33.9069938672676,1,2802.7315634959064,1,NORMAL
217,14.497716632831224,77.62415968558612,0,3146.0045093243757,-1,ANOMALY
224,12.693375078981932,44.02995965337851,1,2843.3160176919528,1,NORMAL
232,7.596853844299577,74.20306689455714,0,1762.470091877502,1,NORMAL
225,11.636363463706566,65.40367143135845,1,2618.1817793339774,1,NORMAL
221,12.137552897600411,40.43348689054083,0,2682.399190369691,1,NORMAL
225,5.459624874364925,60.42124735024944,0,1228.4155967321083,1,NORMAL
236,9.570218148181,44.40454134149694,1,2258.5714829707163,1,NORMAL
213,11.51896021800237,79.96639955947401,1,2453.5385264345045,1,NORMAL
226,8.455159669472813,54.091325685942394,1,1910.8660853008557,1,NORMAL
226,8.802527784504685,60.46080241708589,0,1989.3712792980587,1,NORMAL
226,13.562829334085993,74.83809236698124,0,3065.1994295034347,1,NORMAL
219,11.642716180383868,31.354343531376546,1,2549.754843504067,1,NORMAL
217,8.43992923010703,78.10643567377257,0,1831.4646429332254,1,NORMAL
225,5.14200475216266,73.0868595384008,1,1156.9510692365986,-1,ANOMALY
236,7.294961443119254,70.08153337679681,0,1721.6109005761439,1,NORMAL
214,10.244609821396214,65.59527883786431,1,2192.34650177879,1,NORMAL
234,8.491484921881352,53.867911033711934,0,1987.0074717202363,1,NORMAL
224,14.498127159543923,74.42025471791231,0,3247.5804837378387,1,NORMAL
214,12.128972224171612,53.36250231540765,1,2595.600055972725,1,NORMAL
239,14.121309515625871,37.241056621899354,0,3374.992974234583,-1,ANOMALY
221,14.518863244740343,61.035793519772675,1,3208.668777087616,1,NORMAL
213,13.080192958574376,59.24563892479249,1,2786.081100176342,1,NORMAL
229,11.79056393554039,41.88584014394006,1,2700.0391412387494,1,NORMAL
231,9.307632847915693,40.45087626878525,0,2150.063187868525,1,NORMAL
214,8.312207446797583,41.37507602879569,0,1778.8123936146828,1,NORMAL
212,9.315154266560727,48.685467681554265,1,1974.812704510874,1,NORMAL
227,6.2128674657952185,52.92298489726437,1,1410.3209147355146,1,NORMAL
215,8.54451566563573,58.50160925278259,1,1837.0708681116819,1,NORMAL
240,12.840182432389737,66.42071859242151,1,3081.643783773537,1,NORMAL
233,13.354483040518858,79.83045280903704,1,3111.594548440894,1,NORMAL
212,13.232543425105339,46.372925666728456,1,2805.2992061223317,1,NORMAL
212,11.259915633707738,58.070646774320664,0,2387.1021143460407,1,NORMAL
237,6.839338664898081,44.3996089816024,1,1620.9232635808453,1,NORMAL
237,5.351902089471415,59.088936267350604,1,1268.4007952047255,1,NORMAL
230,6.410585091105693,40.579322135793845,0,1474.4345709543095,1,NORMAL
219,11.437941516885708,49.707777527004424,0,2504.9091921979702,1,NORMAL
216,6.744975477054532,42.20471847566778,0,1456.914703043779,1,NORMAL
227,12.291502941415937,43.36863783591852,0,2790.1711677014177,1,NORMAL
228,11.50477462559502,65.30046728013897,1,2623.0886146356647,1,NORMAL
223,14.85258279172419,71.02726782650521,0,3312.1259625544944,1,NORMAL
216,13.407354101199836,47.25557390493777,0,2895.9884858591645,1,NORMAL
221,7.006180441242514,70.91961366819052,1,1548.3658775145957,1,NORMAL
237,11.658332664509759,31.968275443404572,0,2763.024841488813,1,NORMAL
234,10.569553638463152,40.55668111141506,0,2473.2755514003775,1,NORMAL
234,10.054141036937938,76.62710725430787,0,2352.6690026434776,1,NORMAL
231,13.181702616043815,75.30827963898867,0,3044.973304306121,1,NORMAL
227,14.766718849812294,43.6323596201631,1,3352.045178907391,1,NORMAL
212,5.102426590011998,37.41818339888284,0,1081.7144370825436,-1,ANOMALY
219,14.117906749035322,52.729867783465174,1,3091.8215780387354,1,NORMAL
230,12.567742802834243,34.34390421176919,1,2890.580844651876,1,NORMAL
220,7.971593189100056,64.0116575527174,0,1753.7505016020123,1,NORMAL
230,8.391730537510096,38.4108619637291,1,1930.0980236273222,1,NORMAL
224,11.140387847270562,46.50108964100042,0,2495.446877788606,1,NORMAL
229,9.686273672729799,57.88131947723192,1,2218.1566710551238,1,NORMAL
228,6.313357618634894,73.83030374489957,0,1439.4455370487558,1,NORMAL
212,13.605435550009808,36.53781374215083,1,2884.3523366020795,1,NORMAL
219,9.690963820574542,45.552446922533264,0,2122.3210767058245,1,NORMAL
239,8.999043916249773,63.71323486822058,0,2150.771495983696,1,NORMAL
214,9.763521739864824,36.19187976207716,0,2089.3936523310726,1,NORMAL
227,10.387106883971832,76.9572303095756,0,2357.8732626616056,1,NORMAL
222,8.269456552541488,39.474482549287934,0,1835.8193546642103,1,NORMAL
220,14.37589979802955,58.73000456263826,1,3162.697955566501,1,NORMAL
220,11.459447602917923,71.08034001399199,1,2521.078472641943,1,NORMAL
226,10.640865905869852,69.88318860192433,0,2404.8356947265866,1,NORMAL
221,12.512676881461587,68.46082664504293,1,2765.3015908030106,1,NORMAL
225,7.23603378996703,65.20680917322454,1,1628.1076027425818,1,NORMAL
232,14.47305064636012,76.02791119783019,0,3357.747749955548,1,NORMAL
210,5.397898027486699,63.46857814754101,1,1133.5585857722067,1,NORMAL
230,14.488013003049945,44.91855478768227,1,3332.242990701487,1,NORMAL
221,9.152520452708508,53.48247668962419,0,2022.7070200485803,1,NORMAL
221,5.900570686001051,67.83890876286756,1,1304.0261216062322,1,NORMAL
232,9.973481452498918,52.50126053653287,0,2313.847696979749,1,NORMAL
210,8.362753042781215,53.50451597489926,1,1756.178138984055,1,NORMAL
215,6.666809802468169,52.52116846566335,1,1433.3641075306564,1,NORMAL
227,10.266097011955392,49.47619972119182,1,2330.404021713874,1,NORMAL
233,6.30597733614432,63.65070289776061,0,1469.2927193216265,1,NORMAL
225,7.756107223855166,43.134158210975926,0,1745.1241253674123,1,NORMAL
236,5.096225945416338,54.20326643642326,1,1202.7093231182557,-1,ANOMALY
215,14.256362763279748,71.81037220525309,0,3065.117994105146,1,NORMAL
228,11.696183107683051,77.91659278407136,1,2666.7297485517356,1,NORMAL
230,7.21440714412195,39.94722796112903,1,1659.3136431480486,1,NORMAL
221,12.479989001600503,78.15316783037537,0,2758.077569353711,1,NORMAL
232,14.907815665357298,72.29826494864902,1,3458.613234362893,-1,ANOMALY
211,12.74017803493605,73.06283689012636,1,2688.1775653715067,1,NORMAL
212,13.939725490377953,34.734290507699846,0,2955.2218039601257,1,NORMAL
239,7.946087077321931,69.4513371032092,0,1899.1148114799416,1,NORMAL
229,5.1859515653240775,59.663259652601475,0,1187.5829084592137,1,NORMAL
226,10.598207501339814,58.19173647665585,0,2395.194895302798,1,NORMAL
232,5.126490691385021,46.16366283948575,0,1189.3458404013247,1,NORMAL
221,9.53299903996563,30.579511557304656,1,2106.792787832404,1,NORMAL
218,14.973796962285808,31.1327986842539,1,3264.287737778306,-1,ANOMALY
210,5.938095488509346,68.85818188880721,0,1247.0000525869627,1,NORMAL
234,6.232151373272815,72.35287660220588,1,1458.3234213458388,1,NORMAL
224,6.591476415845298,76.16961219292901,1,1476.4907171493467,1,NORMAL
229,12.118519202330283,57.26496598107959,0,2775.1408973336347,1,NORMAL
220,8.10174973184955,54.91302466083117,1,1782.384941006901,1,NORMAL
223,6.416081762080897,52.136391541249424,0,1430.78623294404,1,NORMAL
215,5.611100677623061,37.97009742847064,0,1206.3866456889582,1,NORMAL
218,14.539780294208663,39.37528529023767,0,3169.6721041374885,1,NORMAL
211,6.576892943995447,38.13989170477431,0,1387.7244111830394,1,NORMAL
230,6.417952862928132,59.71305625126417,0,1476.1291584734704,1,NORMAL
220,11.099799744158133,60.19173894716339,1,2441.955943714789,1,NORMAL
222,14.961720179913549,30.930386764465148,1,3321.5018799408076,-1,ANOMALY
215,6.146434255200507,68.8334740357842,0,1321.483364868109,1,NORMAL
233,5.358491895302064,37.41316948862601,0,1248.528611605381,1,NORMAL
234,13.959944316034306,68.44463796311564,1,3266.6269699520276,1,NORMAL
220,5.22534877947323,58.62149502538954,0,1149.5767314841107,1,NORMAL
231,13.622413866743008,44.802540615808184,1,3146.777603217635,1,NORMAL
236,8.190241186921694,36.89717497059641,0,1932.8969201135199,1,NORMAL
225,9.093326650621568,55.91412439631893,0,2045.9984963898528,1,NORMAL
222,5.805620536877809,53.199982875938105,0,1288.8477591868736,1,NORMAL
229,14.47925111122434,67.0356066574156,1,3315.748504470374,1,NORMAL
225,6.6042039146601015,57.98695314580996,0,1485.945880798523,1,NORMAL
231,14.678084772857199,36.31346022749391,1,3390.637582530013,1,NORMAL
223,10.543697687174863,32.995888896687674,1,2351.2445842399943,1,NORMAL
232,5.3468957864073205,67.30687994877805,1,1240.4798224464985,1,NORMAL
223,11.615246068594018,37.00544348542189,0,2590.199873296466,1,NORMAL
228,7.146411953425496,32.831209096374195,1,1629.3819253810132,1,NORMAL
221,11.368778631897534,72.33746218285654,0,2512.5000776493553,1,NORMAL
221,13.473092601910828,47.728635999415346,0,2977.553465022293,1,NORMAL
232,7.393809175396536,30.306854557884396,1,1715.3637286919964,1,NORMAL
230,7.945694045636154,77.06356080981703,0,1827.5096304963154,1,NORMAL
210,6.258909072062556,38.37743798431491,1,1314.3709051331368,1,NORMAL
220,11.534986536762744,58.50615692111491,1,2537.697038087804,1,NORMAL
224,12.93212643038385,45.81142547630124,1,2896.7963204059824,1,NORMAL
217,12.662220217371909,69.58520059236852,0,2747.701787169704,1,NORMAL
224,14.84325704605465,35.81144062984121,0,3324.8895783162416,-1,ANOMALY
233,11.029964580462234,54.38154711048621,0,2569.9817472477007,1,NORMAL
230,9.02787627009425,40.89634178526352,0,2076.4115421216775,1,NORMAL
239,12.966880334167607,52.414335988048876,0,3099.084399866058,1,NORMAL
231,10.53324494865279,51.319689514015096,1,2433.1795831387944,1,NORMAL
232,12.211918139357692,47.12866022033937,1,2833.1650083309846,1,NORMAL
227,14.568815617544137,55.42355091572148,1,3307.1211451825193,1,NORMAL
218,10.216646408011346,69.40692401648329,0,2227.2289169464734,1,NORMAL
238,8.770679899853711,70.03342694979801,1,2087.4218161651834,1,NORMAL
229,8.504461492410536,48.79891772054262,1,1947.5216817620128,1,NORMAL
213,13.418009428451823,33.372979947947655,0,2858.0360082602383,1,NORMAL
211,14.637936671034767,47.77176098698328,1,3088.6046375883357,1,NORMAL
233,7.181765644857306,72.56611254125573,1,1673.3513952517521,1,NORMAL
216,5.666221827618706,39.563008666378934,1,1223.9039147656406,1,NORMAL
237,13.484638516973309,78.24387527983816,0,3195.8593285226743,1,NORMAL
215,13.603009464230277,64.43159634276157,1,2924.6470348095095,1,NORMAL
221,11.467135307051205,49.09352019182903,1,2534.236902858316,1,NORMAL
217,11.972076006537241,34.298603825192515,1,2597.9404934185814,1,NORMAL
226,10.874045581296649,38.96488548922346,1,2457.5343013730426,1,NORMAL
238,6.050465994352669,58.08108882912664,0,1440.010906655935,1,NORMAL
213,9.706226714575727,68.88269646386189,1,2067.42629020463,1,NORMAL
214,9.621623467140203,34.829638616153886,1,2059.0274219680036,1,NORMAL
222,13.29392043960072,43.96812538835624,1,2951.2503375913598,1,NORMAL
229,6.162676356851742,49.65261792834083,0,1411.252885719049,1,NORMAL
240,13.81219792447089,35.04055515206481,1,3314.9275018730136,1,NORMAL
234,12.434214874988912,75.74196696226166,1,2909.6062807474054,1,NORMAL
231,10.306637103751108,70.18025213906694,0,2380.833170966506,1,NORMAL
220,8.036916324558382,53.31212370237516,0,1768.121591402844,1,NORMAL
235,8.055001414608112,44.41095973153986,0,1892.9253324329063,1,NORMAL
218,13.540278147944052,30.98523426473449,0,2951.7806362518036,1,NORMAL
238,14.736204349804304,51.00548942030456,0,3507.216635253424,-1,ANOMALY
236,9.734155619063856,69.63994053360759,0,2297.26072609907,1,NORMAL
230,9.129489192459456,76.99183218880803,0,2099.7825142656748,1,NORMAL
237,13.550680577319046,38.409108012807756,1,3211.511296824614,1,NORMAL
235,10.460532980360142,65.95936683683448,1,2458.2252503846335,1,NORMAL
237,11.606530867295234,76.83369650176473,0,2750.7478155489703,1,NORMAL
210,11.307062546693562,38.276732227112944,0,2374.4831348056478,1,NORMAL
213,6.2846869659561655,36.99161330733292,0,1338.6383237486632,1,NORMAL
216,5.711115461292746,39.76043869440056,1,1233.600939639233,1,NORMAL
230,8.17466751605529,78.81964432758735,1,1880.173528692717,1,NORMAL
230,11.090304529424888,36.86492538552774,0,2550.7700417677243,1,NORMAL
238,9.434710088358875,31.77266983697337,0,2245.4610010294123,1,NORMAL
227,13.24805270287785,30.382594644366012,1,3007.3079635532717,1,NORMAL
232,7.446801845129859,44.581904715497146,0,1727.6580280701273,1,NORMAL
240,13.112929713270262,54.977397965908196,0,3147.103131184863,1,NORMAL
228,5.2390741829820815,35.09530294607527,0,1194.5089137199145,1,NORMAL
227,14.31401755079876,48.70513329863969,0,3249.281984031318,1,NORMAL
221,12.612707628561658,66.36564474580447,1,2787.4083859121265,1,NORMAL
211,5.3465354827767255,76.20364554574027,0,1128.1189868658892,-1,ANOMALY
240,5.026178416818863,39.96187236460293,1,1206.282820036527,-1,ANOMALY
228,7.912011248563891,56.188077066030516,0,1803.938564672567,1,NORMAL
214,6.680996453278781,39.300520209417265,0,1429.733241001659,1,NORMAL
225,12.865041458730397,62.35633494293453,1,2894.6343282143393,1,NORMAL
237,11.366324797783811,63.31724005561582,0,2693.818977074763,1,NORMAL
222,14.528450372246041,40.14700804107101,0,3225.3159826386213,1,NORMAL
222,11.563487869413784,51.39897280072748,0,2567.09430700986,1,NORMAL
213,10.003540485477373,46.95276536915807,1,2130.7541234066803,1,NORMAL
216,6.2713087897065565,37.76801746852692,1,1354.6026985766161,1,NORMAL
233,13.452454148696384,68.72071347661938,1,3134.4218166462574,1,NORMAL
237,5.67708531511089,53.01452035462076,0,1345.469219681281,1,NORMAL
218,11.246182775105243,51.59547658881846,0,2451.667844972943,1,NORMAL
231,12.283616298730976,31.922182900301593,0,2837.5153650068555,1,NORMAL
226,12.183021030621992,35.28672375603326,0,2753.36275292057,1,NORMAL
234,12.675339480411013,79.03467180607699,1,2966.029438416177,1,NORMAL
212,10.960642134796164,31.440551418509084,0,2323.6561325767866,1,NORMAL
228,14.037364563159109,43.926741071981354,1,3200.5191204002767,1,NORMAL
234,10.328613978434916,54.61728406612812,0,2416.89567095377,1,NORMAL
238,9.944490825351622,38.17301555959273,1,2366.788816433686,1,NORMAL
237,9.90228099718183,74.76339199421582,0,2346.840596332094,1,NORMAL
240,7.602244657805814,79.24034933391545,1,1824.5387178733954,-1,ANOMALY
210,12.652331841463894,79.60492248154043,0,2656.9896867074176,-1,ANOMALY
226,7.018164964468415,40.79061412623237,1,1586.1052819698618,1,NORMAL
229,7.846843409312672,47.90402604671428,1,1796.927140732602,1,NORMAL
239,9.024770815476614,45.44594137711812,1,2156.920224898911,1,NORMAL
228,8.755446313963484,37.14851475404551,0,1996.2417595836744,1,NORMAL
226,8.044466441055423,34.22901398498865,1,1818.0494156785257,1,NORMAL
228,10.232888296673577,75.86387193979053,1,2333.0985316415754,1,NORMAL
215,13.70904948172325,69.86462127730417,1,2947.445638570499,1,NORMAL
220,14.202192058833965,63.19556023895177,0,3124.4822529434723,1,NORMAL
227,5.45705765618259,37.1704952950704,1,1238.752087953448,1,NORMAL
219,7.046230895981921,47.56947408703962,1,1543.1245662200408,1,NORMAL
213,12.73498200238516,65.39265941987739,1,2712.551166508039,1,NORMAL
220,13.430041519363154,52.608689608739446,1,2954.609134259894,1,NORMAL
238,7.83226788208922,79.88084098914969,0,1864.0797559372345,1,NORMAL
222,6.95232527926523,68.71414984654027,1,1543.416211996881,1,NORMAL
230,11.61627012922709,54.849972490457006,1,2671.7421297222304,1,NORMAL
211,6.2052506097573,63.66647526930798,1,1309.3078786587903,1,NORMAL
213,14.075327854543216,60.45581245267445,0,2998.044833017705,1,NORMAL
235,12.359262111586265,35.58282468301919,1,2904.4265962227723,1,NORMAL
233,10.802174602087481,41.19636047396485,0,2516.9066822863833,1,NORMAL
215,10.507701438096827,52.59510152920856,1,2259.1558091908178,1,NORMAL
226,14.149482386766742,59.98757114706547,0,3197.7830194092835,1,NORMAL
237,5.682900587801242,36.19686524006167,1,1346.8474393088945,1,NORMAL
237,13.280876154075303,55.341217162702804,0,3147.567648515847,1,NORMAL
214,9.186068546162177,64.29927325386984,1,1965.818668878706,1,NORMAL
232,6.597154756199383,54.49633597993754,0,1530.5399034382567,1,NORMAL
237,5.946937537144726,74.48893843331899,1,1409.4241963033,1,NORMAL
221,12.626847114318362,44.16767642457251,0,2790.533212264358,1,NORMAL
231,13.012767476000256,65.41047701372932,0,3005.949286956059,1,NORMAL
238,7.6234843879213265,34.066407369718036,1,1814.3892843252756,1,NORMAL
236,12.837722608351232,58.10476002561143,0,3029.7025355708906,1,NORMAL
231,11.496913367349642,49.79505927320512,0,2655.786987857767,1,NORMAL
221,5.065964632895589,57.46943010536992,0,1119.5781838699252,-1,ANOMALY
232,6.7328323844677085,59.27747093492299,0,1562.0171131965083,1,NORMAL
224,13.883447195007777,78.44388665939968,1,3109.892171681742,1,NORMAL
226,9.18283319862747,66.2229766674018,0,2075.3203028898083,1,NORMAL
234,12.732584611161894,60.83050909130783,1,2979.424799011883,1,NORMAL
217,11.31089814535275,73.21370115136946,1,2454.4648975415466,1,NORMAL
214,10.156054645878868,59.67898119492724,0,2173.3956942180776,1,NORMAL
228,13.651858316166406,66.23802755953353,0,3112.6236960859405,1,NORMAL
216,6.837719858556921,31.62159861297042,0,1476.947489448295,1,NORMAL
227,8.575016439064054,60.49834417928868,0,1946.5287316675403,1,NORMAL
235,5.807227977764087,61.19667454293446,0,1364.6985747745605,1,NORMAL
226,13.344569962784984,48.97451821749185,0,3015.8728115894064,1,NORMAL
221,6.673009067101616,64.63997325123994,0,1474.7350038294571,1,NORMAL
228,9.883725264097452,54.27277866499955,1,2253.489360214219,1,NORMAL
223,12.872110092957872,66.4134339770502,1,2870.4805507296055,1,NORMAL
229,8.540185705202935,36.696342782521164,1,1955.702526491472,1,NORMAL
215,7.248502072716413,38.582730701440966,1,1558.4279456340287,1,NORMAL
230,10.151434218258789,46.13007706670221,0,2334.8298701995213,1,NORMAL
212,14.012797402731344,38.43072751968466,0,2970.713049379045,1,NORMAL
239,10.471253410719928,59.30864196878519,0,2502.629565162063,1,NORMAL
228,11.58181129661778,72.92779053341742,1,2640.6529756288537,1,NORMAL
216,12.187863954702564,35.406025265211234,0,2632.578614215754,1,NORMAL
215,9.91128683713038,32.31433450756126,0,2130.926669983032,1,NORMAL
237,9.25062235444876,63.688852377932456,1,2192.3974980043563,1,NORMAL
217,10.049457948830518,73.735743354694,0,2180.7323748962226,1,NORMAL
210,7.012759638386431,35.43105781205114,1,1472.6795240611505,1,NORMAL
233,5.492323094257347,44.114101416793446,1,1279.7112809619618,1,NORMAL
218,14.12269494477574,77.36314721397362,1,3078.747497961111,1,NORMAL
216,11.064594330528852,35.598835162661175,0,2389.952375394232,1,NORMAL
226,14.946986225637213,55.61229992819152,1,3378.0188869940102,1,NORMAL
229,6.462030903421425,63.124781121106665,0,1479.8050768835064,1,NORMAL
233,6.817603511663041,66.46604175796637,1,1588.5016182174886,1,NORMAL
233,14.533506516417836,58.254469202365456,0,3386.307018325356,1,NORMAL
217,9.056566919487945,77.90683097399642,1,1965.275021528884,1,NORMAL
210,13.649826283088728,75.73096161037896,1,2866.463519448633,-1,ANOMALY
234,6.757524159914393,46.29153005625572,0,1581.2606534199679,1,NORMAL
227,14.15559375386842,69.82836499366259,1,3213.3197821281315,1,NORMAL
226,13.050882249815018,79.39629680361452,0,2949.499388458194,1,NORMAL
225,5.685982509708878,46.1977945656771,1,1279.3460646844976,1,NORMAL
217,8.23123581097157,31.589841670857737,1,1786.1781709808308,1,NORMAL
218,9.513490534187712,39.851936427376394,0,2073.940936452921,1,NORMAL
240,10.517677488776378,74.90693113352003,0,2524.242597306331,1,NORMAL
237,12.18927791948437,33.07924840891401,1,2888.8588669177957,1,NORMAL
232,9.87222718027213,34.8500535569124,1,2290.3567058231342,1,NORMAL
212,8.600975666721652,61.95318709256226,0,1823.4068413449902,1,NORMAL
234,13.019861613562032,43.289133618805934,1,3046.6476175735156,1,NORMAL
223,6.119555772153184,58.954713299280414,0,1364.66093719016,1,NORMAL
218,6.021564521764853,68.00824350960487,0,1312.7010657447381,1,NORMAL
235,11.036707447363236,48.101823496892976,0,2593.6262501303604,1,NORMAL
229,7.847024172765858,79.81720395971068,0,1796.9685355633815,1,NORMAL
227,14.704509906618824,58.953337841962764,0,3337.9237488024733,1,NORMAL
240,12.08654762958189,62.014390791451525,1,2900.7714310996535,1,NORMAL
235,7.470248100887823,30.508150698603455,0,1755.5083037086386,1,NORMAL
215,7.470458970912897,77.17795795983974,1,1606.1486787462727,1,NORMAL
221,11.222436939360346,65.90170379201714,1,2480.1585635986366,1,NORMAL
223,13.226754875100877,55.37497390738613,0,2949.5663371474957,1,NORMAL
219,8.168477348542496,67.52129799287302,1,1788.8965393308065,1,NORMAL
216,8.767771180042693,42.98914425478032,1,1893.8385748892217,1,NORMAL
235,6.123008883542832,45.582710652131055,0,1438.9070876325657,1,NORMAL
215,12.678798549770553,42.813655163648754,0,2725.941688200669,1,NORMAL
225,12.23086487654531,60.86592278535289,1,2751.9445972226945,1,NORMAL
218,12.995616980845405,63.84566618422592,0,2833.044501824298,1,NORMAL
211,6.205676814108772,49.86629355590327,0,1309.397807776951,1,NORMAL
233,10.795531220297178,68.94116054745349,0,2515.3587743292424,1,NORMAL
236,5.159005605116907,36.40589075056149,1,1217.52532280759,-1,ANOMALY
239,8.481499578496708,43.84161418630685,1,2027.0783992607132,1,NORMAL
238,6.841928512933482,53.32921641278108,1,1628.3789860781687,1,NORMAL
214,14.80561896463451,44.80896603035518,1,3168.4024584317854,1,NORMAL
238,8.855457149711494,37.752335388972625,1,2107.598801631336,1,NORMAL
212,9.642602932964992,67.82693930910416,1,2044.2318217885784,1,NORMAL
230,7.673401139858763,34.5493009388684,1,1764.8822621675154,1,NORMAL
219,10.588717878786795,55.93983007568953,1,2318.929215454308,1,NORMAL
219,9.685207874461561,70.69822065436185,0,2121.060524507082,1,NORMAL
240,5.198537465342738,30.13455674509827,0,1247.648991682257,-1,ANOMALY
210,12.960634146156604,33.40647414898396,0,2721.7331706928867,1,NORMAL
216,7.97720592057405,37.426077627272775,1,1723.076478843995,1,NORMAL
230,9.747403135324234,57.21127965522534,0,2241.902721124574,1,NORMAL
212,5.351279539377693,54.60709418211292,1,1134.471262348071,1,NORMAL
231,8.992160072109627,68.7811866257809,1,2077.188976657324,1,NORMAL
226,10.415813789501367,30.349324413733477,1,2353.973916427309,1,NORMAL
219,5.479651421311434,61.49962028994682,1,1200.043661267204,1,NORMAL
232,7.863989351826135,76.16490608315743,0,1824.4455296236633,1,NORMAL
220,10.513565469493113,75.83342217390103,1,2312.984403288485,1,NORMAL
225,6.241001872942218,65.9595897203026,1,1404.225421411999,1,NORMAL
240,9.080438389298791,64.58371894935766,0,2179.30521343171,1,NORMAL
237,11.578220087111994,44.84944956257113,0,2744.0381606455426,1,NORMAL
227,9.744586424520024,48.68207925327002,0,2212.0211183660454,1,NORMAL
220,12.62671135873025,68.77577110775499,1,2777.8764989206547,1,NORMAL
240,7.474280104269436,38.64503042596798,1,1793.8272250246646,1,NORMAL
211,5.82269853017587,53.19708393935939,0,1228.5893898671086,1,NORMAL
232,5.2798535018223856,41.09235890240937,1,1224.9260124227935,1,NORMAL
232,14.793630332031373,60.44153870899254,1,3432.1222370312785,1,NORMAL
236,12.568831946403751,58.84320565478557,0,2966.2443393512854,1,NORMAL
221,13.929894494330004,36.78842618842594,0,3078.5066832469306,1,NORMAL
222,7.103425144737946,55.77330370172531,0,1576.960382131824,1,NORMAL
229,12.202307440594714,47.60103691309616,1,2794.3284038961897,1,NORMAL
237,5.5732839191388965,38.42255434034066,0,1320.8682888359185,1,NORMAL
228,8.213941060431491,49.922348596667966,0,1872.77856177838,1,NORMAL
219,5.778057199491368,61.2578570910224,0,1265.3945266886096,1,NORMAL
231,14.849518408251608,70.15927800302288,0,3430.2387523061216,-1,ANOMALY
218,9.453077722927844,54.41290322794612,1,2060.77094359827,1,NORMAL
236,11.522500860127103,79.3019047523993,1,2719.3102029899965,1,NORMAL
223,9.904751054447718,61.668197278845085,1,2208.759485141841,1,NORMAL
222,6.568788008491882,30.796113766664853,1,1458.2709378851978,1,NORMAL
223,11.39474979783935,74.30846101558697,1,2541.029204918175,1,NORMAL
211,12.858078307970466,41.204409625178926,0,2713.0545229817685,1,NORMAL
216,14.467632710950685,66.73801067429345,1,3125.008665565348,1,NORMAL
212,13.82962013507826,65.71755874106175,1,2931.879468636591,1,NORMAL
233,12.314407597472169,37.14501931352858,1,2869.2569702110154,1,NORMAL
210,5.890102028754674,74.31687919922435,1,1236.9214260384815,-1,ANOMALY
233,11.55074571756532,69.88077368621367,1,2691.3237521927194,1,NORMAL
215,13.056698632439717,52.1133682592145,1,2807.1902059745394,1,NORMAL
239,10.280480402983777,72.92018000466604,1,2457.0348163131225,1,NORMAL
229,14.840895479826083,36.83241401800517,0,3398.565064880173,-1,ANOMALY
230,14.467959056340655,51.55756932517282,1,3327.6305829583507,1,NORMAL
210,7.887339622781747,33.78661157265023,1,1656.3413207841668,1,NORMAL
238,14.378555710168321,36.843206271786116,1,3422.09625902006,-1,ANOMALY
223,6.217923502578949,56.29469692947285,0,1386.5969410751056,1,NORMAL
233,14.982516668745697,35.87833106166038,1,3490.9263838177476,-1,ANOMALY
223,11.035433579221436,55.87454366004556,0,2460.90168816638,1,NORMAL
237,9.669377311520703,54.95435154706196,1,2291.6424228304068,1,NORMAL
211,12.056867785459122,76.45046461080184,1,2543.9991027318747,1,NORMAL
213,12.267633655989346,52.740244774695974,0,2613.005968725731,1,NORMAL
232,5.099151174176932,59.4315102466738,0,1183.0030724090484,1,NORMAL
217,5.731206243491098,54.25858343717066,0,1243.6717548375682,1,NORMAL
210,5.289639490890476,46.39284619481498,0,1110.824293087,-1,ANOMALY
215,12.809032748152053,56.0596132927145,0,2753.942040852691,1,NORMAL
217,11.144965611324919,49.85732244047202,1,2418.457537657507,1,NORMAL
225,10.968338105606215,71.66821175901944,1,2467.8760737613984,1,NORMAL
236,11.327207903438707,44.2775218358937,0,2673.2210652115346,1,NORMAL
231,11.570646541531488,67.86320566402816,0,2672.8193510937735,1,NORMAL
215,8.170137825459019,40.32855881274368,0,1756.5796324736891,1,NORMAL
236,7.1038727495066025,31.12827266730935,0,1676.5139688835582,1,NORMAL
228,10.275656296463936,58.23637682380469,1,2342.8496355937773,1,NORMAL
238,14.002023224579162,42.13156083162465,1,3332.4815274498405,1,NORMAL
229,14.265590673055241,64.07557648270975,0,3266.8202641296502,1,NORMAL
215,7.904997399675145,72.24290624744341,0,1699.5744409301562,1,NORMAL
225,5.263345070602769,51.3826682433765,1,1184.2526408856231,1,NORMAL
213,11.792735697357402,52.41341094571688,0,2511.8527035371267,1,NORMAL
222,14.98319508466369,44.17991780969041,1,3326.269308795339,1,NORMAL
220,14.744395754401214,68.46344967464145,0,3243.767065968267,1,NORMAL
217,11.082817144471317,52.869971170327844,1,2404.9713203502756,1,NORMAL
224,13.521700640413165,59.967220121176595,0,3028.860943452549,1,NORMAL
240,14.525706930069921,47.13492933429566,1,3486.169663216781,-1,ANOMALY
236,12.205950651576433,74.54555711650602,1,2880.6043537720384,1,NORMAL
231,10.749798767431255,42.28587847669646,0,2483.20351527662,1,NORMAL
222,10.020060495547902,49.237772684653436,1,2224.4534300116343,1,NORMAL
213,5.503785624829963,32.289567676769614,0,1172.306338088782,-1,ANOMALY
220,11.529322409100658,50.3590154403298,0,2536.4509300021446,1,NORMAL
